user-knn_relevance,0.8076666666666666
user-knn_classification_best_10,0.542
user-knn_classification_best_20,0.699
user-knn_classification_best_50,0.8006666666666666
item-knn_relevance,0.7976666666666666
item-knn_classification_best_10,0.541
item-knn_classification_best_20,0.6623333333333333
item-knn_classification_best_50,0.796
most-pop_relevance,0.276
most-pop_classification_best_10,0.23
most-pop_classification_best_20,0.23566666666666666
most-pop_classification_best_50,0.284
bprmf_relevance,0.4756666666666667
bprmf_classification_best_10,0.2856666666666667
bprmf_classification_best_20,0.3233333333333333
bprmf_classification_best_50,0.469
user-knn_relevance,0.533476821192053
user-knn_classification_best_10,0.4501655629139073
user-knn_classification_best_20,0.4919701986754967
user-knn_classification_best_50,0.5372295805739514
item-knn_relevance,0.4970419426048565
item-knn_classification_best_10,0.4368101545253863
item-knn_classification_best_20,0.4748620309050773
item-knn_classification_best_50,0.49537527593818986
most-pop_relevance,0.23431567328918324
most-pop_classification_best_10,0.23178807947019867
most-pop_classification_best_20,0.23178807947019867
most-pop_classification_best_50,0.23397350993377483
bprmf_relevance,0.3008498896247241
bprmf_classification_best_10,0.27566225165562913
bprmf_classification_best_20,0.2888796909492274
bprmf_classification_best_50,0.30061810154525387

observation,0.9993474133839583,0.9993332353289361,0.9993336032388664,0.9993333333333333,0
user-knn_relevance,0.7750714232711593,0.8134784916225496,0.8193102030593081,0.8143333333333334,0
user-knn_classification_best_10,0.4422430279845319,0.5339006858929927,0.5542887925625437,0.5476666666666666,0
user-knn_classification_best_20,0.6043505472570339,0.6874374091995131,0.7007803401551399,0.6926666666666667,0
observation,0.9993474133839583,0.9993332353289361,0.9993336032388664,0.9993333333333333,0
user-knn_relevance,0.7603754773422357,0.8015513872669144,0.8081943493995897,0.8026666666666666,0
user-knn_classification_best_10,0.42657648628490047,0.5190296337919023,0.5365948878857334,0.5333333333333333,0
user-knn_classification_best_20,0.6139210327409987,0.6932427959551143,0.7056690496773529,0.698,0
user-knn_classification_best_50,0.7661974607644783,0.8042196057992382,0.8106169323437173,0.805,0
item-knn_relevance,0.7642534641939366,0.8003906702254505,0.8064023282636793,0.8013333333333333,0
item-knn_classification_best_10,0.44799351665910475,0.5282856271524135,0.546452301951064,0.54,0
item-knn_classification_best_20,0.5958060453196085,0.65989484698478,0.6738425967116126,0.664,0
item-knn_classification_best_50,0.7642235665314653,0.7999570207810002,0.805679387726424,0.801,0
most-pop_relevance,0.22471960197572685,0.2787163835207948,0.2779326172605803,0.2796666666666667,0
most-pop_classification_best_10,0.16056506210519858,0.22971753888641358,0.23010118421122328,0.22966666666666666,0
most-pop_classification_best_20,0.1642994285408163,0.23651539370954977,0.23686915426997726,0.23633333333333334,0
most-pop_classification_best_50,0.22857120261793634,0.28221848475491274,0.2815702482060297,0.283,0
bprmf_relevance,0.40088647900757385,0.46498598987639056,0.4708369421148382,0.475,0
bprmf_classification_best_10,0.19339218354770638,0.27750472354407013,0.26957045841248173,0.29533333333333334,0
bprmf_classification_best_20,0.23375213674408002,0.31157549679910507,0.30629710174065394,0.3243333333333333,0
bprmf_classification_best_50,0.39935640787440274,0.4649287636046312,0.4697633439658234,0.475,0

observation,0.9742378269420021,0.9839975407998576,0.9840612020901757,0.9840200224619496,0
user-knn_relevance,0.42569990742808833,0.5222012896803083,0.5449468126307085,0.5391832229580574,0
user-knn_classification_best_10,0.32799282196741775,0.4291400876587625,0.4462342800914997,0.45474613686534215,0
user-knn_classification_best_20,0.36953831779401697,0.4711046367836289,0.49206034285799316,0.4929083885209713,0
user-knn_classification_best_50,0.4234373436474811,0.5202974546658685,0.5429977882287997,0.5373841059602649,0
item-knn_relevance,0.3795607464325377,0.47567780269318705,0.49750615497244627,0.49669977924944814,0
item-knn_classification_best_10,0.31925602354055777,0.41197292357621396,0.426213370701538,0.4359823399558499,0
item-knn_classification_best_20,0.3570866180490171,0.45466018891654497,0.47176539885643104,0.47651766004415014,0
item-knn_classification_best_50,0.3832314409929768,0.47884369966802304,0.5012901358789447,0.49952538631346577,0
most-pop_relevance,0.15838631724440885,0.23424728690499447,0.2341298487443203,0.23438189845474613,0
most-pop_classification_best_10,0.15739369872131542,0.23141012895633883,0.2310799694226221,0.23178807947019867,0
most-pop_classification_best_20,0.15937442368278895,0.23247408224023325,0.23262553727915597,0.23236754966887418,0
most-pop_classification_best_50,0.15831988991372511,0.23414026772939003,0.23402591419270277,0.23427152317880795,0
bprmf_relevance,0.18751860463395278,0.27745695621053823,0.26733346127277385,0.30112582781456954,0
bprmf_classification_best_10,0.16879111961186408,0.2548436967907545,0.2438358773989397,0.27626931567328916,0
bprmf_classification_best_20,0.18035248070609966,0.269636459437261,0.259043865501973,0.2910044150110375,0
bprmf_classification_best_50,0.18785293376578396,0.27848946497993765,0.26831775657428575,0.3020971302428256,0


observation,0.9743644322530061,0.9841042027030514,0.9841643864491939,0.9841266667333194,0
user-knn_relevance,0.42032827153878943,0.5172219793107328,0.5400830452725971,0.5346247240618102,0
user-knn_classification_best_10,0.32568014258134215,0.42677499483548614,0.44439112352837173,0.45270419426048564,0
user-knn_classification_best_20,0.3686189142397652,0.47018254517011376,0.4912461682171193,0.49205298013245036,0
user-knn_classification_best_50,0.42146865989344795,0.518256088138612,0.5408126409760863,0.5355629139072847,0
item-knn_relevance,0.381595239038036,0.4767387861379064,0.49902990971431443,0.4975055187637969,0
item-knn_classification_best_10,0.318788304689952,0.4119631183838383,0.42646243729296307,0.43653421633554085,0
item-knn_classification_best_20,0.35712565109558225,0.4534260249311732,0.46998855997694783,0.47491721854304636,0
item-knn_classification_best_50,0.37837749071704024,0.4740092824092254,0.4958857205648222,0.4950662251655629,0
most-pop_relevance,0.15828886066815545,0.23402076843241928,0.233906886918981,0.23415011037527594,0
most-pop_classification_best_10,0.15735090149457573,0.2313307669298361,0.23097791710572307,0.2317328918322296,0
most-pop_classification_best_20,0.15892282007994143,0.23184717531351948,0.23203775211157848,0.23170529801324502,0
most-pop_classification_best_50,0.15835432855454368,0.23414061488392907,0.2340058691145682,0.2342935982339956,0
bprmf_relevance,0.18955826477740917,0.28022708176309624,0.27009198019248815,0.30381898454746137,0
bprmf_classification_best_10,0.16798919743944735,0.2535203382506572,0.24274289160772083,0.27461368653421636,0
bprmf_classification_best_20,0.1769433312312728,0.2663882183236941,0.2553675812545757,0.2881898454746137,0
bprmf_classification_best_50,0.18767084853238153,0.2777846445640295,0.2676347544905599,0.3011479028697572,0
observation,0.20195252430474106,0.31272676668372523,0.5245454775075143,0.37333333333333335,0
user-knn_relevance,0.16409284020121456,0.27231053504489466,0.43844512617516085,0.32666666666666666,0
user-knn_classification_best_10,0.1625273672687466,0.25481859518420097,0.4273259901710903,0.3,0
user-knn_classification_best_20,0.19102015253493085,0.2998499130298302,0.46303378218757385,0.3433333333333333,0
user-knn_classification_best_50,0.17158300101649854,0.2789159472059121,0.3566885486591985,0.32666666666666666,0
item-knn_relevance,0.15607488206010375,0.25780016286425134,0.3384928276851354,0.30666666666666664,0
item-knn_classification_best_10,0.163546998522368,0.2492731752631172,0.30522250204313683,0.29333333333333333,0
item-knn_classification_best_20,0.15764837470502496,0.25738065341060934,0.4716271248225318,0.30333333333333334,0
item-knn_classification_best_50,0.16089999218078035,0.2704405101402325,0.43429442957704967,0.3233333333333333,0
most-pop_relevance,0.16017834336799855,0.26540413651894285,0.3244014783450198,0.31333333333333335,0
most-pop_classification_best_10,0.16117842657251527,0.25054750939589804,0.24640737900359772,0.27666666666666667,0
most-pop_classification_best_20,0.14084369379935882,0.24128515966850506,0.2159911188458643,0.2833333333333333,0
most-pop_classification_best_50,0.16093720865888353,0.2580234842748246,0.25510162785498525,0.3,0
bprmf_relevance,0.16535531837255976,0.2729456289981878,0.44180633477036946,0.3433333333333333,0
bprmf_classification_best_10,0.14240415441154358,0.24255791529850138,0.3237920957012283,0.29,0
bprmf_classification_best_20,0.13971805197174655,0.23473117535052798,0.3016654740608229,0.31,0
bprmf_classification_best_50,0.1486726874657909,0.2478299627517414,0.41633810877784744,0.31,0


observation,0,0,0,0,0
user-knn_embeddings,0,0,0,0,0
user-knn_relevance,0,0,0,0,0
user-knn_classification_best_10,0,0,0,0,0
user-knn_classification_best_20,0,0,0,0,0
user-knn_classification_best_50,0,0,0,0,0
item-knn_embeddings,0,0,0,0,0
item-knn_relevance,0,0,0,0,0
item-knn_classification_best_10,0,0,0,0,0
item-knn_classification_best_20,0,0,0,0,0
item-knn_classification_best_50,0,0,0,0,0
most-pop_embeddings,0,0,0,0,0
most-pop_relevance,0,0,0,0,0
most-pop_classification_best_10,0,0,0,0,0
most-pop_classification_best_20,0,0,0,0,0
most-pop_classification_best_50,0,0,0,0,0
bprmf_embeddings,0,0,0,0,0
bprmf_relevance,0,0,0,0,0
bprmf_classification_best_10,0,0,0,0,0
bprmf_classification_best_20,0,0,0,0,0
bprmf_classification_best_50,0,0,0,0,0


observation,0.2166363671905544,0.3262431704377602,0.533881887818137,0.37666666666666665,0
user-knn_embeddings,0.13425763025516718,0.23207678656451544,0.450872408293461,0.29333333333333333,0
user-knn_relevance,0.16893098235462767,0.2785688059579733,0.44435046458298627,0.33,0
user-knn_classification_best_10,0.18761077227825998,0.2983746317656413,0.3861178128329381,0.33666666666666667,0
user-knn_classification_best_20,0.1561693642974431,0.26586923313557465,0.4368499119310281,0.30333333333333334,0
user-knn_classification_best_50,0.1628238460135012,0.26932055408530625,0.4376276210121563,0.31666666666666665,0
item-knn_embeddings,0.11764993353663303,0.20409319115576735,0.4225565926739352,0.27666666666666667,0
item-knn_relevance,0.15789122162274874,0.26090083264939634,0.3909655462184874,0.31666666666666665,0
item-knn_classification_best_10,0.15689101311022494,0.2521284747355165,0.34337051227161114,0.29333333333333333,0
item-knn_classification_best_20,0.16519893397972216,0.26672334771212347,0.4326741351370394,0.31666666666666665,0
item-knn_classification_best_50,0.15901185113007774,0.2615070644213361,0.42145933014354064,0.31,0
most-pop_embeddings,0,0,0,0,0
most-pop_relevance,0.1539767247895327,0.25290255676082446,0.3119051204991112,0.30333333333333334,0
most-pop_classification_best_10,0.17158450471258352,0.26128439106649226,0.2534341687966583,0.2833333333333333,0
most-pop_classification_best_20,0.14084369379935882,0.24013500805615948,0.215803936939291,0.2833333333333333,0
most-pop_classification_best_50,0.1680203690671671,0.2753783069125418,0.3314445648248465,0.32666666666666666,0
bprmf_embeddings,0.1504059478197409,0.2554459998494769,0.47745679012345676,0.31333333333333335,0
bprmf_relevance,0.17329834232543592,0.28268095238095237,0.4433417319895483,0.3433333333333333,0
bprmf_classification_best_10,0.1663879816589176,0.276652066037341,0.41111355161446184,0.33,0
bprmf_classification_best_20,0.14226907237990982,0.23679677578640626,0.3935364776541247,0.31666666666666665,0
bprmf_classification_best_50,0.15578003231944115,0.2528314393939394,0.4681844701844702,0.32666666666666666,0
observation,0,0,0,0,0
user-knn_embeddings,0,0,0,0,0
user-knn_relevance,0,0,0,0,0
user-knn_classification_best_10,0,0,0,0,0
user-knn_classification_best_20,0,0,0,0,0
user-knn_classification_best_50,0,0,0,0,0
item-knn_embeddings,0,0,0,0,0
item-knn_relevance,0,0,0,0,0
item-knn_classification_best_10,0,0,0,0,0
item-knn_classification_best_20,0,0,0,0,0
item-knn_classification_best_50,0,0,0,0,0
most-pop_embeddings,0,0,0,0,0
most-pop_relevance,0,0,0,0,0
most-pop_classification_best_10,0,0,0,0,0
most-pop_classification_best_20,0,0,0,0,0
most-pop_classification_best_50,0,0,0,0,0
bprmf_embeddings,0,0,0,0,0
bprmf_relevance,0,0,0,0,0
bprmf_classification_best_10,0,0,0,0,0
bprmf_classification_best_20,0,0,0,0,0
bprmf_classification_best_50,0,0,0,0,0


observation,0.22212913259259465,0.3333005841340124,0.45343801976245557,0.4216335540838852,0
user-knn_embeddings,0.14327989676987576,0.191725318345449,0.4663277348990558,0.33498896247240617,0
user-knn_relevance,0.16502006122004617,0.2505758742958721,0.2837485764393176,0.3515452538631347,0
user-knn_classification_best_10,0.16469448542792026,0.2483203223244982,0.29576033353225484,0.33774834437086093,0
user-knn_classification_best_20,0.15859523151154495,0.2378632060492745,0.3128049264719238,0.3405077262693157,0
user-knn_classification_best_50,0.16218702568145407,0.24182362354541895,0.3025595150502312,0.34713024282560706,0
item-knn_embeddings,0.14320199348231033,0.19170589132758378,0.42038386038136133,0.3333333333333333,0
item-knn_relevance,0.18144114373994122,0.268813447789325,0.3261360370396394,0.36258278145695366,0
item-knn_classification_best_10,0.17689839890666312,0.2588382808552713,0.33619077037849787,0.34713024282560706,0
item-knn_classification_best_20,0.17781366059182074,0.26483451002467995,0.31507736028179706,0.35320088300220753,0
item-knn_classification_best_50,0.17764371341665922,0.26541048549481155,0.29997408454197555,0.3565121412803532,0
most-pop_embeddings,0,0,0,0,0
most-pop_relevance,0.16478395447256086,0.23625539755339175,0.2583867140362964,0.33498896247240617,0
most-pop_classification_best_10,0.1640375295953255,0.24431548242570586,0.2333725970388252,0.2902869757174393,0
most-pop_classification_best_20,0.16771316081776463,0.24708510996666258,0.24835958239828243,0.3283664459161148,0
most-pop_classification_best_50,0.16127508063076704,0.23003883748516094,0.249181738998395,0.33112582781456956,0
bprmf_embeddings,0.14547659537644045,0.2055962140096191,0.3887806937314505,0.33112582781456956,0
bprmf_relevance,0.15091183213146228,0.2057384704497987,0.5033692588469255,0.34713024282560706,0
bprmf_classification_best_10,0.1522443251729694,0.22038451980276405,0.32418055339403345,0.33278145695364236,0
bprmf_classification_best_20,0.14638349570634882,0.20265182105003823,0.29834653120068916,0.33278145695364236,0
bprmf_classification_best_50,0.14766426929845916,0.20773338439993463,0.32017282844166806,0.336644591611479,0
observation,0,0,0,0,0
user-knn_embeddings,0,0,0,0,0
user-knn_relevance,0,0,0,0,0
user-knn_classification_best_10,0,0,0,0,0
user-knn_classification_best_20,0,0,0,0,0
user-knn_classification_best_50,0,0,0,0,0
item-knn_embeddings,0,0,0,0,0
item-knn_relevance,0,0,0,0,0
item-knn_classification_best_10,0,0,0,0,0
item-knn_classification_best_20,0,0,0,0,0
item-knn_classification_best_50,0,0,0,0,0
most-pop_embeddings,0,0,0,0,0
most-pop_relevance,0,0,0,0,0
most-pop_classification_best_10,0,0,0,0,0
most-pop_classification_best_20,0,0,0,0,0
most-pop_classification_best_50,0,0,0,0,0
bprmf_embeddings,0,0,0,0,0
bprmf_relevance,0,0,0,0,0
bprmf_classification_best_10,0,0,0,0,0
bprmf_classification_best_20,0,0,0,0,0
bprmf_classification_best_50,0,0,0,0,0
observation,0,0,0,0,0
observation,0,0,0,0,0
user-knn_embeddings,0,0,0,0,0
user-knn_relevance,0,0,0,0,0
user-knn_classification_best_10,0,0,0,0,0
user-knn_classification_best_20,0,0,0,0,0
user-knn_classification_best_50,0,0,0,0,0
item-knn_embeddings,0,0,0,0,0
item-knn_relevance,0,0,0,0,0
item-knn_classification_best_10,0,0,0,0,0
item-knn_classification_best_20,0,0,0,0,0
item-knn_classification_best_50,0,0,0,0,0
most-pop_embeddings,0,0,0,0,0
most-pop_relevance,0,0,0,0,0
most-pop_classification_best_10,0,0,0,0,0
most-pop_classification_best_20,0,0,0,0,0
most-pop_classification_best_50,0,0,0,0,0
bprmf_embeddings,0,0,0,0,0
bprmf_relevance,0,0,0,0,0
bprmf_classification_best_10,0,0,0,0,0
bprmf_classification_best_20,0,0,0,0,0
bprmf_classification_best_50,0,0,0,0,0
observation,0.2517311931873283,0.3729808063847639,0.4638930492269879,0.42108167770419425,0.42108167770419425
user-knn_embeddings,0.14933456171807297,0.22792135381376996,0.2230444432994618,0.30242825607064017,0.30242825607064017
user-knn_relevance,0.16195646107029676,0.23916502173044063,0.3758959615409407,0.34381898454746135,0.34381898454746135
user-knn_classification_best_10,0.15859541540966035,0.23808774536699576,0.2531720074355729,0.3217439293598234,0.3217439293598234
user-knn_classification_best_20,0.1543501742704583,0.23127586509837858,0.26989916338347186,0.31567328918322296,0.31567328918322296
user-knn_classification_best_50,0.16195646107029676,0.23916502173044063,0.3758959615409407,0.34381898454746135,0.34381898454746135
observation,0.24801239744700726,0.3641999894159151,0.4803303728199053,0.43874172185430466,0.43874172185430466


observation,0.2540567360838569,0.36938878490642363,0.47397191975315345,0.44150110375275936,0.44150110375275936
user-knn_embeddings,0.1441070909218285,0.19361087077142636,0.46170355707908384,0.336644591611479,0.336644591611479
user-knn_relevance,0.16218481971341364,0.2424199819276657,0.3120159647961628,0.3465783664459161,0.3465783664459161
user-knn_classification_best_10,0.16487681314009903,0.24860166439006212,0.318378217296011,0.34271523178807944,0.34271523178807944
user-knn_classification_best_20,0.1580252996953379,0.23564994613746124,0.27742321881577514,0.34105960264900664,0.34105960264900664
user-knn_classification_best_50,0.1593547940594123,0.23764862902672748,0.28306331475232804,0.3454746136865342,0.3454746136865342
item-knn_embeddings,0.14435889434907523,0.19539796253669003,0.3894822520956579,0.3355408388520971,0.3355408388520971
item-knn_relevance,0.18350429173833563,0.2726463862466944,0.31938689608078735,0.35706401766004414,0.35706401766004414
item-knn_classification_best_10,0.16978750389844913,0.2502644796990283,0.30423080801718055,0.336644591611479,0.336644591611479
item-knn_classification_best_20,0.1859754842473779,0.2742184663246618,0.3192882754623508,0.35209713024282563,0.35209713024282563
item-knn_classification_best_50,0.1777742151583963,0.26159258733756485,0.3127671701975692,0.3576158940397351,0.3576158940397351
most-pop_embeddings,0,0,0,0,0
most-pop_relevance,0.17213782270105635,0.25165845865891107,0.26477451722634,0.33774834437086093,0.33774834437086093
most-pop_classification_best_10,0.16373712322131725,0.2455313018260625,0.23431932127235763,0.2913907284768212,0.2913907284768212
most-pop_classification_best_20,0.1633475882176453,0.24134390768986658,0.23836027718237773,0.3217439293598234,0.3217439293598234
most-pop_classification_best_50,0.17183062631288643,0.25088185308045835,0.2597343347560082,0.3383002207505519,0.3383002207505519
bprmf_embeddings,0.1473084731782653,0.20525005731828413,0.3957777724273458,0.33719646799117,0.33719646799117
bprmf_relevance,0.15470010328435016,0.22003986293491992,0.3717587514060305,0.3432671081677704,0.3432671081677704
bprmf_classification_best_10,0.15120104576385127,0.21730553729464944,0.31144184438478545,0.3344370860927152,0.3344370860927152
bprmf_classification_best_20,0.15330620467415487,0.2178323673390045,0.28519339601240606,0.3360927152317881,0.3360927152317881
bprmf_classification_best_50,0.15248028719946757,0.21778437606212117,0.36901535829373233,0.3416114790286976,0.3416114790286976
neumf_embeddings,0,0,0,0,0
neumf_relevance,0.16684600140744296,0.25254094592819093,0.2576537216093275,0.3322295805739514,0.3322295805739514
neumf_classification_best_10,0.1593618504244257,0.24040671491422608,0.2460893080187326,0.3162251655629139,0.3162251655629139
neumf_classification_best_20,0.15644617693074722,0.23484788362601064,0.24263964684827838,0.32339955849889623,0.32339955849889623
neumf_classification_best_50,0.156698118845008,0.23553529902520728,0.23946060207015377,0.33002207505518766,0.33002207505518766
wrmf_embeddings,0,0,0,0,0
wrmf_relevance,0.17295616226699284,0.2486175938960597,0.32018939402337715,0.34933774834437087,0.34933774834437087
wrmf_classification_best_10,0.17003790628588922,0.2460449224648939,0.26296510468871404,0.33719646799117,0.33719646799117
wrmf_classification_best_20,0.16808905536544747,0.24270652336904774,0.3181476630226447,0.34381898454746135,0.34381898454746135
wrmf_classification_best_50,0.18049837315083786,0.26480599707825914,0.2957422112498099,0.3526490066225166,0.3526490066225166
lightgcn_embeddings,0,0,0,0,0
lightgcn_relevance,0.15120434738653127,0.22350536030661733,0.22078913547938783,0.22682119205298013,0.22682119205298013
lightgcn_classification_best_10,0.15120434738653127,0.22350536030661733,0.22078913547938783,0.22682119205298013,0.22682119205298013
lightgcn_classification_best_20,0.15120434738653127,0.22350536030661733,0.22078913547938783,0.22682119205298013,0.22682119205298013
lightgcn_classification_best_50,0.15120434738653127,0.22350536030661733,0.22078913547938783,0.22682119205298013,0.22682119205298013
multidae_embeddings,0,0,0,0,0
multidae_relevance,0.21592324351687422,0.3180975501921367,0.3911639459533945,0.38741721854304634,0.38741721854304634
multidae_classification_best_10,0.1947634009749267,0.29106760641285484,0.3736256339608468,0.3708609271523179,0.3708609271523179
multidae_classification_best_20,0.20618333383819007,0.30814785317613735,0.33753543489088045,0.3780353200883002,0.3780353200883002
multidae_classification_best_50,0.21260424331939295,0.31305655783400615,0.39028659341526883,0.3852097130242826,0.3852097130242826
observation,0.7780799055753684,0.7744642385594833,0.7826949519184794,0.7748427672955975,0.7748427672955975
observation,0.7790159024278807,0.7758518739004143,0.7828123779793876,0.7761006289308177,0.7761006289308177
user-knn_embeddings,0.4825650755777797,0.479980261389676,0.4837504633330729,0.48050314465408805,0.48050314465408805
user-knn_relevance,0.6372139657076137,0.6330579648838219,0.6407158555335116,0.6339622641509434,0.6339622641509434
user-knn_classification_best_10,0.596724962877413,0.5928190363634747,0.59945115518727,0.5937106918238994,0.5937106918238994
user-knn_classification_best_20,0.6247318924269922,0.6203389804506754,0.6282168961414244,0.6213836477987421,0.6213836477987421
user-knn_classification_best_50,0.6359130887261559,0.6338580143816318,0.6378308803169498,0.6339622641509434,0.6339622641509434
item-knn_embeddings,0.49808993184673767,0.49474949532040663,0.49939721904925377,0.49559748427672956,0.49559748427672956
item-knn_relevance,0.6577836863680784,0.652920623175895,0.6623233883162314,0.6540880503144654,0.6540880503144654
item-knn_classification_best_10,0.6112091175612047,0.6084112864217657,0.6134604418744904,0.6088050314465409,0.6088050314465409
item-knn_classification_best_20,0.6246018047288464,0.620448272955431,0.6279040495347212,0.6213836477987421,0.6213836477987421
item-knn_classification_best_50,0.6495659512900893,0.6458581650853157,0.652854780233796,0.6465408805031446,0.6465408805031446
most-pop_embeddings,0,0,0,0,0
most-pop_relevance,0.6246525706598303,0.6241243782115197,0.6257890063001379,0.6238993710691824,0.6238993710691824
most-pop_classification_best_10,0.5344954501034356,0.5334426144775364,0.5358667123131348,0.5333333333333333,0.5333333333333333
most-pop_classification_best_20,0.5602655058190449,0.5600201879027875,0.5614894771055106,0.559748427672956,0.559748427672956
most-pop_classification_best_50,0.6208038785171272,0.6203602764189766,0.6219214892286798,0.620125786163522,0.620125786163522
bprmf_embeddings,0.5180885357836356,0.5092380517675538,0.5202077729076919,0.5132075471698113,0.5132075471698113
bprmf_relevance,0.6255631845468506,0.6238993710691825,0.6272269980245188,0.6238993710691824,0.6238993710691824
bprmf_classification_best_10,0.5442996205246659,0.5417239080659652,0.5459725619948324,0.5421383647798741,0.5421383647798742
bprmf_classification_best_20,0.5857246202073788,0.5833895390348256,0.5875860161737414,0.5836477987421383,0.5836477987421383
bprmf_classification_best_50,0.6133412866625207,0.6111473220351309,0.61526471036973,0.6113207547169811,0.6113207547169811
neumf_embeddings,0,0,0,0,0
neumf_relevance,0.6289962306296244,0.6259598123292077,0.6315397158164453,0.6264150943396226,0.6264150943396226
neumf_classification_best_10,0.554674907669463,0.5535636877076157,0.5560703941266297,0.5534591194968553,0.5534591194968553
neumf_classification_best_20,0.5463017019278362,0.5445589865649448,0.5478116599573096,0.5446540880503145,0.5446540880503145
neumf_classification_best_50,0.6425443884609039,0.6399953996401401,0.6448295879897972,0.640251572327044,0.640251572327044
wrmf_embeddings,0.5082050435952432,0.5069494455150457,0.5095535670894252,0.5069182389937107,0.5069182389937107
wrmf_relevance,0.6343012704174229,0.6308269379772548,0.6372177377423905,0.6314465408805031,0.6314465408805031
wrmf_classification_best_10,0.5538182325841128,0.5472837393290771,0.5567600764974054,0.549685534591195,0.549685534591195
wrmf_classification_best_20,0.5995075704694579,0.5951123346334445,0.6025567415504522,0.5962264150943396,0.5962264150943396
wrmf_classification_best_50,0.628710672267841,0.6239516716990379,0.6325575889190181,0.6251572327044025,0.6251572327044025
lightgcn_embeddings,0,0,0,0,0
lightgcn_relevance,0.5270836241798129,0.5273585383643975,0.5283397326604188,0.5270440251572327,0.5270440251572327
lightgcn_classification_best_10,0.5270836241798129,0.5273585383643975,0.5283397326604188,0.5270440251572327,0.5270440251572327
lightgcn_classification_best_20,0.5270836241798129,0.5273585383643975,0.5283397326604188,0.5270440251572327,0.5270440251572327
lightgcn_classification_best_50,0.5270836241798129,0.5273585383643975,0.5283397326604188,0.5270440251572327,0.5270440251572327
multidae_embeddings,0,0,0,0,0
multidae_relevance,0.6885192847080324,0.6882577593467303,0.6893358320840773,0.6880503144654088,0.6880503144654088
multidae_classification_best_10,0.6688347949690963,0.6665179299006787,0.6710488396141654,0.6666666666666666,0.6666666666666666
multidae_classification_best_20,0.6697707918216085,0.6679024608332285,0.6716195966577532,0.6679245283018868,0.6679245283018868
multidae_classification_best_50,0.6875832878555201,0.6869907579367512,0.6885474447341764,0.6867924528301886,0.6867924528301886


observation,0.693958818958819,0.6939969502575658,0.6940190490938514,0.6940203562340967,0.6940203562340967


observation,0.8104215229215229,0.8104325699745547,0.8104325699745547,0.8104325699745547,0.8104325699745547
user-knn_embeddings,0.525514763014763,0.5254145661676047,0.5255539789581932,0.5254452926208651,0.5254452926208651
user-knn_relevance,0.6730089355089355,0.6730279898218829,0.6730279898218829,0.6730279898218829,0.6730279898218829
user-knn_classification_best_10,0.6298465423465422,0.6297470207902762,0.6299269766246095,0.6297709923664122,0.6297709923664122
user-knn_classification_best_20,0.651505439005439,0.6513481389284383,0.6516533439460755,0.6513994910941476,0.6513994910941476
user-knn_classification_best_50,0.6780885780885781,0.6781134009294574,0.6781119488413736,0.678117048346056,0.678117048346056
item-knn_embeddings,0.5345182595182596,0.5341400348059961,0.5346215095251489,0.5343511450381679,0.5343511450381679
item-knn_relevance,0.6525641025641026,0.6504219115595568,0.6556264100757966,0.6520356234096693,0.6520356234096693
item-knn_classification_best_10,0.6372668997668998,0.6352688498307925,0.6397293948755163,0.6367684478371501,0.6367684478371501
item-knn_classification_best_20,0.640986790986791,0.6396340654259571,0.642633069813543,0.6405852417302799,0.6405852417302799
item-knn_classification_best_50,0.6525932400932402,0.6502343600999531,0.6560047405366566,0.6520356234096693,0.6520356234096693
most-pop_embeddings,0,0,0,0,0
most-pop_relevance,0.6368589743589743,0.6367312583431157,0.6369667880391305,0.6367684478371501,0.6367684478371501
most-pop_classification_best_10,0.5677447552447552,0.5667183713956891,0.5682644502684879,0.5674300254452926,0.5674300254452926
most-pop_classification_best_20,0.5823329448329448,0.5815550625180087,0.582806573752945,0.5820610687022901,0.5820610687022901
most-pop_classification_best_50,0.6418512043512044,0.6418614195318094,0.6418700078908839,0.6418575063613231,0.6418575063613231
bprmf_embeddings,0.5263014763014763,0.5256997436925079,0.526427100309584,0.5260814249363868,0.5260814249363868
bprmf_relevance,0.6511266511266511,0.6509292433795794,0.651888757384217,0.6513994910941476,0.6513994910941476
bprmf_classification_best_10,0.545405982905983,0.5445684220390131,0.5458955174657896,0.5458015267175572,0.5458015267175572
bprmf_classification_best_20,0.5964840714840715,0.5963817097420425,0.5967695146339148,0.5966921119592875,0.5966921119592875
bprmf_classification_best_50,0.6459693084693084,0.645571803754458,0.6471221489182872,0.6463104325699746,0.6463104325699746
neumf_embeddings,0,0,0,0,0
neumf_relevance,0.6462898212898214,0.6463104325699746,0.6463104325699746,0.6463104325699746,0.6463104325699746
neumf_classification_best_10,0.5684731934731935,0.5683059865930403,0.5687226052336309,0.5687022900763359,0.5687022900763359
neumf_classification_best_20,0.6213966588966588,0.6214257362468499,0.6214956134451176,0.6215012722646309,0.621501272264631
neumf_classification_best_50,0.6595376845376846,0.6595582918304709,0.6597299925557811,0.6596692111959288,0.6596692111959288
wrmf_embeddings,0.5157051282051281,0.51558076956403,0.5157699257220804,0.5159033078880407,0.5159033078880407
wrmf_relevance,0.6252525252525252,0.6226337043194424,0.6282072651586097,0.6246819338422391,0.6246819338422391
wrmf_classification_best_10,0.5901223776223776,0.5884405782166712,0.5913411248776063,0.5896946564885496,0.5896946564885496
wrmf_classification_best_20,0.6098193473193473,0.6083552037875849,0.6111388380764765,0.6094147582697201,0.6094147582697201
wrmf_classification_best_50,0.6240578865578865,0.6207427318364326,0.6278436377079799,0.6234096692111959,0.6234096692111959
lightgcn_embeddings,0,0,0,0,0
lightgcn_relevance,0.5240870240870241,0.5241175606036809,0.5241231818009191,0.5241730279898219,0.5241730279898219
lightgcn_classification_best_10,0.5228049728049728,0.5228304684550028,0.5228431216081688,0.5229007633587787,0.5229007633587787
lightgcn_classification_best_20,0.5240870240870241,0.5241175606036809,0.5241231818009191,0.5241730279898219,0.5241730279898219
lightgcn_classification_best_50,0.5234459984459985,0.5234742173456687,0.5234831468800653,0.5235368956743003,0.5235368956743003
multidae_embeddings,0,0,0,0,0
multidae_relevance,0.7075757575757575,0.7072123399244526,0.7081558629529036,0.7073791348600509,0.7073791348600509
multidae_classification_best_10,0.6751456876456876,0.6747198934405157,0.6757123821870026,0.6749363867684478,0.6749363867684478
multidae_classification_best_20,0.6922979797979798,0.6919549170481385,0.6927875039468063,0.6921119592875318,0.6921119592875318
multidae_classification_best_50,0.7075951825951826,0.7071744094413429,0.7082915490461286,0.7073791348600509,0.7073791348600509



observation,0.7532731157731157,0.7531586873126893,0.753431851124642,0.7531806615776081,0.7531806615776081

observation,0.7983003108003108,0.7983352013071098,0.798356012621912,0.7983460559796438,0.7983460559796438
observation,0.8104118104118104,0.8104304218912614,0.8104308976006444,0.8104325699745547,0.8104325699745547
user-knn_embeddings,0.5153846153846153,0.5151612384796888,0.5154308001576139,0.5152671755725191,0.5152671755725191
user-knn_embeddings,0.5019036519036519,0.5019154516829943,0.5019326614000086,0.5019083969465649,0.5019083969465649
item-knn_embeddings,0.5000097125097125,0.5000064746710867,0.5000388480265202,0.5,0.5
most-pop_embeddings,0,0,0,0,0
bprmf_embeddings,0.5,0.32910110609129145,0.7500145679156227,0.4961832061068702,0.4961832061068702
neumf_embeddings,0,0,0,0,0
user-knn_embeddings,0.4999902874902875,0.5000064747968532,0.5000194240132602,0.5,0.5
item-knn_embeddings,0.5006410256410256,0.5006432050030213,0.5006701313814355,0.5006361323155216,0.5006361323155216
most-pop_embeddings,0,0,0,0,0
bprmf_embeddings,0.5,0.32910110609129145,0.7500145679156227,0.4961832061068702,0.4961832061068702
neumf_embeddings,0,0,0,0,0
wrmf_embeddings,0.5016899766899767,0.47428702500191144,0.5021381459737624,0.5,0.5
lightgcn_embeddings,0,0,0,0,0
multidae_embeddings,0,0,0,0,0
user-knn_embeddings,0.4999902874902875,0.5000064747968532,0.5000194240132602,0.5,0.5
user-knn_embeddings,0.4873057498057498,0.4872773536895674,0.4873341459219322,0.4872773536895674,0.4872773536895674
user-knn_embeddings,0.49870823620823623,0.49873179247316396,0.4987374640395467,0.49872773536895676,0.49872773536895676
item-knn_embeddings,0.5037781662781663,0.5038111713932346,0.5038071798027188,0.5038167938931297,0.5038167938931297
most-pop_embeddings,0,0,0,0,0
bprmf_embeddings,0.487062937062937,0.48507216530364916,0.4869213042319616,0.4866412213740458,0.4866412213740458
neumf_embeddings,0,0,0,0,0
wrmf_embeddings,0.5092463092463093,0.5088092886409851,0.5093254205652205,0.5095419847328244,0.5095419847328244
lightgcn_embeddings,0,0,0,0,0
multidae_embeddings,0,0,0,0,0
user-knn_embeddings,0.49870823620823623,0.49873179247316396,0.4987374640395467,0.49872773536895676,0.49872773536895676
item-knn_embeddings,0.5037781662781663,0.5038111713932346,0.5038071798027188,0.5038167938931297,0.5038167938931297
most-pop_embeddings,0,0,0,0,0
bprmf_embeddings,0.487062937062937,0.48507216530364916,0.4869213042319616,0.4866412213740458,0.4866412213740458
neumf_embeddings,0,0,0,0,0


user-knn_embeddings,0.5050602175602176,0.5050890585241731,0.5050890585241731,0.5050890585241731,0.5050890585241731
item-knn_embeddings,0.5038170163170164,0.5038240223535134,0.503845929724375,0.5038167938931297,0.5038167938931297
most-pop_embeddings,0,0,0,0,0
bprmf_embeddings,0.48578088578088574,0.4838680366122025,0.4856307262676067,0.48536895674300257,0.48536895674300257
neumf_embeddings,0,0,0,0,0
user-knn_embeddings,0.49644645802885157,0.5048451003562194,0.5042695190711599,0.5055187637969095,0.5055187637969095
user-knn_embeddings,0.5006410256410256,0.5006432050030213,0.5006701313814355,0.5006361323155216,0.5006361323155216
item-knn_embeddings,0.49932012432012435,0.4993547503231809,0.4993492700535765,0.4993638676844784,0.4993638676844784
most-pop_embeddings,0,0,0,0,0
bprmf_embeddings,0.4857905982905983,0.48379601205780937,0.4856321706437438,0.48536895674300257,0.48536895674300257
neumf_embeddings,0,0,0,0,0


user-knn_embeddings,0.7634032634032635,0.7633587786259542,0.7634477481805726,0.7633587786259542,0.7633587786259542
user-knn_embeddings,0.7634032634032635,0.7633587786259542,0.7634477481805726,0.7633587786259542,0.7633587786259542
item-knn_embeddings,0.765928515928516,0.7659063392862087,0.7659490424603986,0.7659033078880407,0.7659033078880407
most-pop_embeddings,0,0,0,0,0
bprmf_embeddings,0.5,0.32910110609129145,0.7500145679156227,0.4961832061068702,0.4961832061068702
neumf_embeddings,0,0,0,0,0
wrmf_embeddings,0.6334595959595959,0.6304456157575561,0.638960111358665,0.6342239185750637,0.6342239185750637
lightgcn_embeddings,0,0,0,0,0
multidae_embeddings,0,0,0,0,0
user-knn_embeddings,0.7621989121989122,0.7620514670788977,0.7624335926725788,0.7620865139949109,0.7620865139949109
item-knn_embeddings,0.7609071484071483,0.7607929547153897,0.7610697900831346,0.7608142493638677,0.7608142493638677
most-pop_embeddings,0,0,0,0,0
bprmf_embeddings,0.48424630924630924,0.4839035331710894,0.48424707090994,0.48409669211195927,0.48409669211195927
neumf_embeddings,0,0,0,0,0
user-knn_embeddings,0.763412975912976,0.7633560973343452,0.7634745184341658,0.7633587786259542,0.7633587786259542
item-knn_embeddings,0.7653651903651904,0.7652431424318908,0.7655468800384585,0.7652671755725191,0.7652671755725191
most-pop_embeddings,0,0,0,0,0
bprmf_embeddings,0.5,0.32910110609129145,0.7500145679156227,0.4961832061068702,0.4961832061068702
neumf_embeddings,0,0,0,0,0
wrmf_embeddings,0.5,0.32910110609129145,0.7500145679156227,0.4961832061068702,0.4961832061068702
lightgcn_embeddings,0,0,0,0,0
multidae_embeddings,0,0,0,0,0
user-knn_embeddings,0.7454351204351204,0.7454811469393334,0.7456567517767834,0.7455470737913485,0.7455470737913485
item-knn_embeddings,0.7435994560994561,0.7436298578895192,0.7436360866917525,0.7436386768447837,0.7436386768447837
most-pop_embeddings,0,0,0,0,0
bprmf_embeddings,0.5240870240870241,0.5241175606036809,0.5241231818009191,0.5241730279898219,0.5241730279898219
neumf_embeddings,0,0,0,0,0
wrmf_embeddings,0.5240870240870241,0.5241175606036809,0.5241231818009191,0.5241730279898219,0.5241730279898219
lightgcn_embeddings,0,0,0,0,0
multidae_embeddings,0,0,0,0,0
user-knn_embeddings,0.7429001554001553,0.742946365310211,0.7430851359865004,0.7430025445292621,0.7430025445292621


observation,0.6036033411033411,0.6010350966644277,0.6058885421417805,0.6030534351145038,0.6030534351145038


observation,0.6793997668997669,0.6793939836745778,0.6794184488083445,0.6793893129770993,0.6793893129770993
observation,0.7243201243201243,0.7232060080490701,0.7268603015329352,0.7239185750636132,0.7239185750636132

observation,0.7076243201243202,0.7071103818240596,0.7085156674511442,0.7073791348600509,0.7073791348600509  <-- obfuscated and time split fixed #20
observation,0.8053321678321679,0.8053435114503816,0.8053435114503816,0.8053435114503816,0.8053435114503816  <-- obfuscated pred
observation,0.8027777777777778,0.8027967476050035,0.8027971120953018,0.8027989821882952,0.8027989821882952  <-- obfuscated avg

user-knn_relevance,0.670405982905983,0.6704450486533513,0.6704847957255706,0.6704834605597965,0.6704834605597965
user-knn_classification_best_10,0.6405011655011654,0.6405379610150904,0.6405783172033376,0.6405852417302799,0.6405852417302799
user-knn_classification_best_20,0.6603243978243978,0.6603097423337919,0.6603483432354613,0.6603053435114504,0.6603053435114504
user-knn_classification_best_50,0.6704545454545454,0.6704797266431993,0.670478163336031,0.6704834605597965,0.6704834605597965
item-knn_relevance,0,0,0,0,0
item-knn_classification_best_10,0,0,0,0,0
item-knn_classification_best_20,0,0,0,0,0
item-knn_classification_best_50,0,0,0,0,0
most-pop_relevance,0,0,0,0,0
most-pop_classification_best_10,0,0,0,0,0
most-pop_classification_best_20,0,0,0,0,0
most-pop_classification_best_50,0,0,0,0,0
bprmf_relevance,0.645998445998446,0.6456908304080534,0.6469614975689592,0.6463104325699746,0.6463104325699746
bprmf_classification_best_10,0.5663947163947164,0.565588678156631,0.5671145307570896,0.566793893129771,0.566793893129771
bprmf_classification_best_20,0.5950951825951827,0.5946670356650393,0.5957725869776997,0.5954198473282443,0.5954198473282443
bprmf_classification_best_50,0.6479603729603729,0.6477926938790142,0.6486294698127588,0.6482188295165394,0.6482188295165394
neumf_relevance,0,0,0,0,0
neumf_classification_best_10,0,0,0,0,0
neumf_classification_best_20,0,0,0,0,0
neumf_classification_best_50,0,0,0,0,0
wrmf_relevance,0.583479020979021,0.5831975731132029,0.5836406220875104,0.5833333333333334,0.5833333333333334
wrmf_classification_best_10,0.5700951825951825,0.5698805737693826,0.5702019965909689,0.5699745547073791,0.5699745547073791
wrmf_classification_best_20,0.5627816627816628,0.562685924691838,0.562953357138826,0.5629770992366412,0.5629770992366412
wrmf_classification_best_50,0.5879467754467754,0.5876214079505013,0.5881441682855773,0.5877862595419847,0.5877862595419847
lightgcn_relevance,0,0,0,0,0
lightgcn_classification_best_10,0,0,0,0,0
lightgcn_classification_best_20,0,0,0,0,0
lightgcn_classification_best_50,0,0,0,0,0
multidae_relevance,0.6782342657342657,0.6780586882633903,0.6784308606513104,0.678117048346056,0.678117048346056
multidae_classification_best_10,0.6553321678321677,0.6551537728038686,0.6555072452011598,0.6552162849872774,0.6552162849872774
multidae_classification_best_20,0.6699106449106449,0.6698359720437636,0.6699813169120721,0.6698473282442748,0.6698473282442748
multidae_classification_best_50,0.6699592074592075,0.6697932149093062,0.670134526752612,0.6698473282442748,0.6698473282442748



user-knn_embeddings,0.7529137529137528,0.7528477124658334,0.754169530769509,0.7531806615776081,0.7531806615776081
item-knn_embeddings,0,0,0,0,0
most-pop_embeddings,0,0,0,0,0
bprmf_embeddings,0.5240870240870241,0.5241175606036809,0.5241231818009191,0.5241730279898219,0.5241730279898219
neumf_embeddings,0,0,0,0,0
wrmf_embeddings,0.5411616161616162,0.5410727586825009,0.5412743084296474,0.5413486005089059,0.5413486005089059
lightgcn_embeddings,0,0,0,0,0
multidae_embeddings,0,0,0,0,0


user-knn_embeddings,0.7503593628593629,0.7502758587883738,0.751694525839254,0.7506361323155216,0.7506361323155216
user-knn_relevance,0.6717851592851594,0.6717583817700837,0.6718154070015291,0.6717557251908397,0.6717557251908397
user-knn_classification_best_10,0.6355380730380731,0.6354942656833583,0.6355792757224149,0.6354961832061069,0.6354961832061069
user-knn_classification_best_20,0.6596639471639472,0.6596729297504762,0.6596814532422963,0.6596692111959288,0.6596692111959288
user-knn_classification_best_50,0.6756021756021756,0.6755751447727573,0.6756324480243096,0.6755725190839694,0.6755725190839694
item-knn_embeddings,0,0,0,0,0
item-knn_relevance,0,0,0,0,0
item-knn_classification_best_10,0,0,0,0,0
item-knn_classification_best_20,0,0,0,0,0
item-knn_classification_best_50,0,0,0,0,0
most-pop_embeddings,0,0,0,0,0
most-pop_relevance,0,0,0,0,0
most-pop_classification_best_10,0,0,0,0,0
most-pop_classification_best_20,0,0,0,0,0
most-pop_classification_best_50,0,0,0,0,0
bprmf_embeddings,0.5240773115773116,0.5241029205391228,0.5241159632337126,0.5241730279898219,0.5241730279898219
bprmf_relevance,0.6479312354312354,0.6476933030070878,0.6487599265698766,0.6482188295165394,0.6482188295165394
bprmf_classification_best_10,0.5619075369075369,0.5609074460781404,0.5627006506158194,0.5623409669211196,0.5623409669211196
bprmf_classification_best_20,0.6063714063714063,0.6051468478903974,0.6081803568109315,0.6068702290076335,0.6068702290076335
bprmf_classification_best_50,0.648475135975136,0.647947949125245,0.6499331850687944,0.648854961832061,0.648854961832061
neumf_embeddings,0,0,0,0,0
neumf_relevance,0,0,0,0,0
neumf_classification_best_10,0,0,0,0,0
neumf_classification_best_20,0,0,0,0,0
neumf_classification_best_50,0,0,0,0,0
wrmf_embeddings,0.5366550116550117,0.536433329540945,0.5368130644400579,0.5368956743002544,0.5368956743002544
wrmf_relevance,0.5942210567210566,0.5941213045776567,0.5942874164458332,0.594147582697201,0.594147582697201
wrmf_classification_best_10,0.5712995337995339,0.5712357151951337,0.5713429823232793,0.5712468193384225,0.5712468193384224
wrmf_classification_best_20,0.5681041181041181,0.5680638855130895,0.5681393171939741,0.5680661577608143,0.5680661577608143
wrmf_classification_best_50,0.5847707847707848,0.584428541387615,0.5849718779070076,0.5846055979643766,0.5846055979643766
lightgcn_embeddings,0,0,0,0,0
lightgcn_relevance,0,0,0,0,0
lightgcn_classification_best_10,0,0,0,0,0
lightgcn_classification_best_20,0,0,0,0,0
lightgcn_classification_best_50,0,0,0,0,0
multidae_embeddings,0,0,0,0,0
multidae_relevance,0.6675019425019425,0.6671027842687818,0.667998294357165,0.6673027989821882,0.6673027989821882
multidae_classification_best_10,0.6591394716394716,0.6589828512146768,0.6592933610996274,0.6590330788804071,0.6590330788804071
multidae_classification_best_20,0.6737179487179488,0.6736581795738453,0.6737749251072023,0.6736641221374046,0.6736641221374046
multidae_classification_best_50,0.6712898212898213,0.6709794117877441,0.6716664180549099,0.6711195928753181,0.6711195928753181
observation,0.6778651903651903,0.6767102368923691,0.6797416696491332,0.6774809160305344,0.6774809160305344
observation,0.8136121506968568,0.8097478101777512,0.8166184308366399,0.8087748344370861,0.8087748344370861
observation,0.5,0.41628828696874265,0.7551868613218717,0.5720198675496688,0.5720198675496688
observation,0.6723970473970474,0.670926517571885,0.6687898089171974,0.6730769230769231,0.6723918575063613
observation,0.6619755244755245,0.6767922235722964,0.6431870669745958,0.7141025641025641,0.6615776081424937
user-knn_embeddings,0,0,0,0,0
user-knn_relevance,0.6115581930894614,0.6160714285714286,0.6152866242038216,0.6168582375478927,0.6116129032258064
user-knn_classification_best_10,0.5980150226205165,0.6024250159540524,0.6020408163265306,0.6028097062579821,0.5980645161290322
user-knn_classification_best_20,0.6090838399429865,0.6095360824742267,0.6150845253576073,0.6040868454661558,0.6090322580645161
user-knn_classification_best_50,0.6115049095762128,0.618020304568528,0.6141235813366961,0.6219667943805874,0.6116129032258064
item-knn_embeddings,0,0,0,0,0
item-knn_relevance,0,0,0,0,0
item-knn_classification_best_10,0,0,0,0,0
item-knn_classification_best_20,0,0,0,0,0
item-knn_classification_best_50,0,0,0,0,0
most-pop_embeddings,0,0,0,0,0
most-pop_relevance,0,0,0,0,0
most-pop_classification_best_10,0,0,0,0,0
most-pop_classification_best_20,0,0,0,0,0
most-pop_classification_best_50,0,0,0,0,0
bprmf_embeddings,0.5284111346468966,0.5256327060350422,0.5212355212355212,0.5301047120418848,0.5283870967741936
bprmf_relevance,0.514348251051933,0.5094462540716612,0.5199468085106383,0.49936143039591313,0.5141935483870967
bprmf_classification_best_10,0.5159042961497666,0.5288944723618091,0.5203955500618047,0.5376756066411239,0.5161290322580645
bprmf_classification_best_20,0.5037315110371803,0.512982900569981,0.5087939698492462,0.5172413793103449,0.5038709677419355
bprmf_classification_best_50,0.5084146323187819,0.5096525096525097,0.5136186770428015,0.5057471264367817,0.5083870967741936
neumf_embeddings,0,0,0,0,0
neumf_relevance,0,0,0,0,0
neumf_classification_best_10,0,0,0,0,0
neumf_classification_best_20,0,0,0,0,0
neumf_classification_best_50,0,0,0,0,0
wrmf_embeddings,0.5290655849086767,0.5265888456549935,0.5218508997429306,0.5314136125654451,0.5290322580645161
wrmf_relevance,0.6139393000877513,0.6257822277847309,0.6134969325153374,0.6385696040868455,0.6141935483870967
wrmf_classification_best_10,0.582542822460999,0.5865814696485623,0.5869565217391305,0.5862068965517241,0.5825806451612904
wrmf_classification_best_20,0.6036156193958648,0.6157697121401751,0.603680981595092,0.6283524904214559,0.6038709677419355
wrmf_classification_best_50,0.6191277821903187,0.6298619824341279,0.6189889025893958,0.6411238825031929,0.6193548387096774
lightgcn_embeddings,0,0,0,0,0
lightgcn_relevance,0,0,0,0,0
lightgcn_classification_best_10,0,0,0,0,0
lightgcn_classification_best_20,0,0,0,0,0
lightgcn_classification_best_50,0,0,0,0,0
multidae_embeddings,0,0,0,0,0
multidae_relevance,0.6259389137822802,0.6463042150274894,0.6194379391100703,0.6756066411238825,0.6264516129032258
multidae_classification_best_10,0.6059168011242821,0.6280487804878049,0.6009334889148191,0.6577266922094508,0.6064516129032258
multidae_classification_best_20,0.6140059044793118,0.6234256926952142,0.6149068322981367,0.632183908045977,0.6141935483870967
multidae_classification_best_50,0.6343468856619061,0.653610771113831,0.627497062279671,0.6819923371647509,0.6348387096774194
user-knn_embeddings,0.504434608262393,0.4980392156862745,0.49738903394255873,0.4986910994764398,0.5045161290322581
item-knn_embeddings,0,0,0,0,0
most-pop_embeddings,0,0,0,0,0
observation,0,0,0,0,0
user-knn_embeddings,0,0,0,0,0
user-knn_relevance,0,0,0,0,0
user-knn_classification_best_10,0,0,0,0,0
user-knn_classification_best_20,0,0,0,0,0
user-knn_classification_best_50,0,0,0,0,0
item-knn_embeddings,0,0,0,0,0
item-knn_relevance,0,0,0,0,0
item-knn_classification_best_10,0,0,0,0,0
item-knn_classification_best_20,0,0,0,0,0
item-knn_classification_best_50,0,0,0,0,0
most-pop_embeddings,0,0,0,0,0
most-pop_relevance,0,0,0,0,0
most-pop_classification_best_10,0,0,0,0,0
most-pop_classification_best_20,0,0,0,0,0
most-pop_classification_best_50,0,0,0,0,0
bprmf_embeddings,0,0,0,0,0
bprmf_relevance,0,0,0,0,0
bprmf_classification_best_10,0,0,0,0,0
bprmf_classification_best_20,0,0,0,0,0
bprmf_classification_best_50,0,0,0,0,0
neumf_embeddings,0,0,0,0,0
neumf_relevance,0,0,0,0,0
neumf_classification_best_10,0,0,0,0,0
neumf_classification_best_20,0,0,0,0,0
neumf_classification_best_50,0,0,0,0,0
wrmf_embeddings,0,0,0,0,0
wrmf_relevance,0,0,0,0,0
wrmf_classification_best_10,0,0,0,0,0
wrmf_classification_best_20,0,0,0,0,0
wrmf_classification_best_50,0,0,0,0,0
lightgcn_embeddings,0,0,0,0,0
lightgcn_relevance,0,0,0,0,0
lightgcn_classification_best_10,0,0,0,0,0
lightgcn_classification_best_20,0,0,0,0,0
lightgcn_classification_best_50,0,0,0,0,0
multidae_embeddings,0,0,0,0,0
multidae_relevance,0,0,0,0,0
multidae_classification_best_10,0,0,0,0,0
multidae_classification_best_20,0,0,0,0,0
multidae_classification_best_50,0,0,0,0,0
observation,0,0,0,0,0
user-knn_embeddings,0,0,0,0,0
user-knn_relevance,0,0,0,0,0
user-knn_classification_best_10,0,0,0,0,0
user-knn_classification_best_20,0,0,0,0,0
user-knn_classification_best_50,0,0,0,0,0
item-knn_embeddings,0,0,0,0,0
item-knn_relevance,0,0,0,0,0
item-knn_classification_best_10,0,0,0,0,0
item-knn_classification_best_20,0,0,0,0,0
item-knn_classification_best_50,0,0,0,0,0
most-pop_embeddings,0,0,0,0,0
most-pop_relevance,0,0,0,0,0
most-pop_classification_best_10,0,0,0,0,0
most-pop_classification_best_20,0,0,0,0,0
most-pop_classification_best_50,0,0,0,0,0
bprmf_embeddings,0,0,0,0,0
bprmf_relevance,0,0,0,0,0
bprmf_classification_best_10,0,0,0,0,0
bprmf_classification_best_20,0,0,0,0,0
bprmf_classification_best_50,0,0,0,0,0
neumf_embeddings,0,0,0,0,0
neumf_relevance,0,0,0,0,0
neumf_classification_best_10,0,0,0,0,0
neumf_classification_best_20,0,0,0,0,0
neumf_classification_best_50,0,0,0,0,0
wrmf_embeddings,0,0,0,0,0
wrmf_relevance,0,0,0,0,0
wrmf_classification_best_10,0,0,0,0,0
wrmf_classification_best_20,0,0,0,0,0
wrmf_classification_best_50,0,0,0,0,0
lightgcn_embeddings,0,0,0,0,0
lightgcn_relevance,0,0,0,0,0
lightgcn_classification_best_10,0,0,0,0,0
lightgcn_classification_best_20,0,0,0,0,0
lightgcn_classification_best_50,0,0,0,0,0
multidae_embeddings,0,0,0,0,0
multidae_relevance,0,0,0,0,0
multidae_classification_best_10,0,0,0,0,0
multidae_classification_best_20,0,0,0,0,0
multidae_classification_best_50,0,0,0,0,0
observation,0,0,0,0,0
user-knn_embeddings,0,0,0,0,0
user-knn_relevance,0,0,0,0,0
user-knn_classification_best_10,0,0,0,0,0
user-knn_classification_best_20,0,0,0,0,0
user-knn_classification_best_50,0,0,0,0,0
item-knn_embeddings,0,0,0,0,0
item-knn_relevance,0,0,0,0,0
item-knn_classification_best_10,0,0,0,0,0
item-knn_classification_best_20,0,0,0,0,0
item-knn_classification_best_50,0,0,0,0,0
most-pop_embeddings,0,0,0,0,0
most-pop_relevance,0,0,0,0,0
most-pop_classification_best_10,0,0,0,0,0
most-pop_classification_best_20,0,0,0,0,0
most-pop_classification_best_50,0,0,0,0,0


observation,0,0,0,0,0
user-knn_embeddings,0,0,0,0,0
user-knn_relevance,0,0,0,0,0
user-knn_classification_best_10,0,0,0,0,0
user-knn_classification_best_20,0,0,0,0,0
user-knn_classification_best_50,0,0,0,0,0
item-knn_embeddings,0,0,0,0,0
item-knn_relevance,0,0,0,0,0
item-knn_classification_best_10,0,0,0,0,0
item-knn_classification_best_20,0,0,0,0,0
item-knn_classification_best_50,0,0,0,0,0
most-pop_embeddings,0,0,0,0,0
most-pop_relevance,0,0,0,0,0
most-pop_classification_best_10,0,0,0,0,0
most-pop_classification_best_20,0,0,0,0,0
most-pop_classification_best_50,0,0,0,0,0
bprmf_embeddings,0.5082070707070707,0.5022537025112684,0.5045278137128072,0.5,0.5082697201017812
bprmf_relevance,0.6188811188811189,0.6132989025177533,0.6176853055916776,0.6089743589743589,0.6189567430025446
bprmf_classification_best_10,0.5818570318570319,0.5686145764937622,0.5827725437415882,0.5551282051282052,0.5820610687022901
bprmf_classification_best_20,0.6086926961926962,0.6024563671622494,0.6075619295958279,0.5974358974358974,0.6087786259541985
bprmf_classification_best_50,0.6207944832944834,0.6154838709677419,0.6194805194805195,0.6115384615384616,0.6208651399491094
neumf_embeddings,0,0,0,0,0
neumf_relevance,0,0,0,0,0
neumf_classification_best_10,0,0,0,0,0
neumf_classification_best_20,0,0,0,0,0
neumf_classification_best_50,0,0,0,0,0
wrmf_embeddings,0,0,0,0,0
wrmf_relevance,0,0,0,0,0
wrmf_classification_best_10,0,0,0,0,0
wrmf_classification_best_20,0,0,0,0,0
wrmf_classification_best_50,0,0,0,0,0
lightgcn_embeddings,0,0,0,0,0
lightgcn_relevance,0,0,0,0,0
lightgcn_classification_best_10,0,0,0,0,0
lightgcn_classification_best_20,0,0,0,0,0
lightgcn_classification_best_50,0,0,0,0,0
multidae_embeddings,0,0,0,0,0
multidae_relevance,0,0,0,0,0
multidae_classification_best_10,0,0,0,0,0
multidae_classification_best_20,0,0,0,0,0
multidae_classification_best_50,0,0,0,0,0
observation,0,0,0,0,0
user-knn_embeddings,0,0,0,0,0
user-knn_relevance,0,0,0,0,0
user-knn_classification_best_10,0,0,0,0,0
user-knn_classification_best_20,0,0,0,0,0
user-knn_classification_best_50,0,0,0,0,0
item-knn_embeddings,0,0,0,0,0
item-knn_relevance,0,0,0,0,0
item-knn_classification_best_10,0,0,0,0,0
item-knn_classification_best_20,0,0,0,0,0
item-knn_classification_best_50,0,0,0,0,0
most-pop_embeddings,0,0,0,0,0
most-pop_relevance,0,0,0,0,0
most-pop_classification_best_10,0,0,0,0,0
most-pop_classification_best_20,0,0,0,0,0
most-pop_classification_best_50,0,0,0,0,0
bprmf_embeddings,0.5,0.0,1.0,0.0,0.5006361323155216
bprmf_relevance,0.6576243201243201,0.6497395833333333,0.66005291005291,0.6397435897435897,0.6577608142493638
bprmf_classification_best_10,0.5843337218337219,0.5672630881378398,0.5871056241426612,0.5487179487179488,0.5846055979643766
bprmf_classification_best_20,0.6272824397824397,0.6281725888324872,0.621859296482412,0.6346153846153846,0.6272264631043257
bprmf_classification_best_50,0.6576243201243201,0.6497395833333333,0.66005291005291,0.6397435897435897,0.6577608142493638
neumf_embeddings,0,0,0,0,0
neumf_relevance,0,0,0,0,0
neumf_classification_best_10,0,0,0,0,0
neumf_classification_best_20,0,0,0,0,0
neumf_classification_best_50,0,0,0,0,0
wrmf_embeddings,0.5,0.0,1.0,0.0,0.5006361323155216
wrmf_relevance,0.6143648018648018,0.5693950177935942,0.64,0.5128205128205128,0.6151399491094147
wrmf_classification_best_10,0.5603341103341104,0.5120226308345119,0.5709779179810726,0.4641025641025641,0.5610687022900763
wrmf_classification_best_20,0.6110431235431235,0.5566860465116279,0.6426174496644296,0.491025641025641,0.6119592875318066
wrmf_classification_best_50,0.6143648018648018,0.5693950177935942,0.64,0.5128205128205128,0.6151399491094147
lightgcn_embeddings,0,0,0,0,0
lightgcn_relevance,0,0,0,0,0
lightgcn_classification_best_10,0,0,0,0,0
lightgcn_classification_best_20,0,0,0,0,0
lightgcn_classification_best_50,0,0,0,0,0
multidae_embeddings,0,0,0,0,0
multidae_relevance,0,0,0,0,0
multidae_classification_best_10,0,0,0,0,0
multidae_classification_best_20,0,0,0,0,0
multidae_classification_best_50,0,0,0,0,0


observation,0,0,0,0,0
user-knn_embeddings,0,0,0,0,0
user-knn_relevance,0,0,0,0,0
user-knn_classification_best_10,0,0,0,0,0
user-knn_classification_best_20,0,0,0,0,0
user-knn_classification_best_50,0,0,0,0,0
item-knn_embeddings,0,0,0,0,0
item-knn_relevance,0,0,0,0,0
item-knn_classification_best_10,0,0,0,0,0
item-knn_classification_best_20,0,0,0,0,0
item-knn_classification_best_50,0,0,0,0,0
most-pop_embeddings,0,0,0,0,0
most-pop_relevance,0,0,0,0,0
most-pop_classification_best_10,0,0,0,0,0
most-pop_classification_best_20,0,0,0,0,0
most-pop_classification_best_50,0,0,0,0,0
bprmf_embeddings,0.5368884500522018,0.5339308578745199,0.5366795366795367,0.5312101910828025,0.5368956743002544
bprmf_relevance,0.6156857031857031,0.6093143596377749,0.6148825065274152,0.6038461538461538,0.6157760814249363
bprmf_classification_best_10,0.5818376068376069,0.5674786043449639,0.5832205683355887,0.5525641025641026,0.5820610687022901
bprmf_classification_best_20,0.6196386946386947,0.6200762388818297,0.6146095717884131,0.6256410256410256,0.6195928753180662
bprmf_classification_best_50,0.608041958041958,0.6010362694300517,0.6073298429319371,0.5948717948717949,0.6081424936386769
neumf_embeddings,0,0,0,0,0
neumf_relevance,0,0,0,0,0
neumf_classification_best_10,0,0,0,0,0
neumf_classification_best_20,0,0,0,0,0
neumf_classification_best_50,0,0,0,0,0
wrmf_embeddings,0.5317404817404818,0.5257731958762887,0.5284974093264249,0.5230769230769231,0.5318066157760815
wrmf_relevance,0.5348776223776224,0.5262475696694752,0.5321100917431193,0.5205128205128206,0.5349872773536896
wrmf_classification_best_10,0.5361985236985237,0.5305859626529299,0.5329883570504528,0.5282051282051282,0.5362595419847328
wrmf_classification_best_20,0.5114121989121989,0.5070603337612323,0.5077120822622108,0.5064102564102564,0.5114503816793893
wrmf_classification_best_50,0.5368201243201243,0.5303225806451614,0.5337662337662338,0.5269230769230769,0.5368956743002544
lightgcn_embeddings,0,0,0,0,0
lightgcn_relevance,0,0,0,0,0
lightgcn_classification_best_10,0,0,0,0,0
lightgcn_classification_best_20,0,0,0,0,0
lightgcn_classification_best_50,0,0,0,0,0
multidae_embeddings,0,0,0,0,0
multidae_relevance,0,0,0,0,0
multidae_classification_best_10,0,0,0,0,0
multidae_classification_best_20,0,0,0,0,0
multidae_classification_best_50,0,0,0,0,0
user-knn_relevance,0.6591200466200466,0.631288766368022,0.6825633383010432,0.5871794871794872,0.6596692111959288
user-knn_classification_best_10,0.6088480963480963,0.5759668508287293,0.624251497005988,0.5346153846153846,0.6094147582697201
user-knn_classification_best_20,0.6247086247086246,0.590687977762335,0.644916540212443,0.5448717948717948,0.6253180661577609
user-knn_classification_best_50,0.6591200466200466,0.631288766368022,0.6825633383010432,0.5871794871794872,0.6596692111959288
item-knn_relevance,0.6788947163947163,0.6829880728185813,0.6691266912669127,0.6974358974358974,0.6787531806615776
item-knn_classification_best_10,0.6458430458430457,0.6516572858036273,0.6361416361416361,0.6679487179487179,0.6456743002544529
item-knn_classification_best_20,0.6604215229215229,0.663727959697733,0.6522277227722773,0.6756410256410257,0.6603053435114504
item-knn_classification_best_50,0.6788947163947163,0.6829880728185813,0.6691266912669127,0.6974358974358974,0.6787531806615776
most-pop_relevance,0.6581390831390832,0.6446062210456651,0.6662106703146374,0.6243589743589744,0.6583969465648855
most-pop_classification_best_10,0.5884032634032634,0.5482517482517482,0.6030769230769231,0.5025641025641026,0.589058524173028
most-pop_classification_best_20,0.6128205128205129,0.5891891891891892,0.6228571428571429,0.558974358974359,0.6132315521628499
most-pop_classification_best_50,0.6581390831390832,0.6446062210456651,0.6662106703146374,0.6243589743589744,0.6583969465648855
bprmf_relevance,0.6601010101010101,0.6491458607095926,0.6657681940700808,0.6333333333333333,0.6603053435114504
bprmf_classification_best_10,0.5755050505050505,0.5626229508196722,0.5758389261744966,0.55,0.5756997455470738
bprmf_classification_best_20,0.6214257964257964,0.6158812136862492,0.6202860858257477,0.6115384615384616,0.621501272264631
bprmf_classification_best_50,0.6601010101010101,0.6491458607095926,0.6657681940700808,0.6333333333333333,0.6603053435114504
neumf_relevance,0.6828477078477078,0.6657718120805369,0.6985915492957746,0.6358974358974359,0.683206106870229
neumf_classification_best_10,0.5865967365967366,0.5527222605099931,0.5976154992548435,0.514102564102564,0.5871501272264631
neumf_classification_best_20,0.6192404817404817,0.5991957104557639,0.6278089887640449,0.573076923076923,0.6195928753180662
neumf_classification_best_50,0.6828477078477078,0.6657718120805369,0.6985915492957746,0.6358974358974359,0.683206106870229
wrmf_relevance,0.6143648018648018,0.5693950177935942,0.64,0.5128205128205128,0.6151399491094147
wrmf_classification_best_10,0.5603341103341104,0.5120226308345119,0.5709779179810726,0.4641025641025641,0.5610687022900763
wrmf_classification_best_20,0.6110431235431235,0.5566860465116279,0.6426174496644296,0.491025641025641,0.6119592875318066
wrmf_classification_best_50,0.6143648018648018,0.5693950177935942,0.64,0.5128205128205128,0.6151399491094147
lightgcn_relevance,0.5,0.6632653061224489,0.4961832061068702,1.0,0.4961832061068702
lightgcn_classification_best_10,0.5,0.6632653061224489,0.4961832061068702,1.0,0.4961832061068702
lightgcn_classification_best_20,0.5,0.6632653061224489,0.4961832061068702,1.0,0.4961832061068702
lightgcn_classification_best_50,0.5,0.6632653061224489,0.4961832061068702,1.0,0.4961832061068702
multidae_relevance,0.7245532245532245,0.7229686500319897,0.7215836526181354,0.7243589743589743,0.7245547073791349
multidae_classification_best_10,0.6871309246309246,0.6897856242118536,0.6786600496277916,0.7012820512820512,0.6870229007633588
multidae_classification_best_20,0.6763014763014763,0.6784586228679722,0.6687422166874222,0.6884615384615385,0.676208651399491
multidae_classification_best_50,0.7245532245532245,0.7229686500319897,0.7215836526181354,0.7243589743589743,0.7245547073791349
observation,0,0,0,0,0
user-knn_embeddings,0,0,0,0,0
user-knn_relevance,0,0,0,0,0
user-knn_classification_best_10,0,0,0,0,0
user-knn_classification_best_20,0,0,0,0,0
user-knn_classification_best_50,0,0,0,0,0
item-knn_embeddings,0,0,0,0,0
item-knn_relevance,0,0,0,0,0
item-knn_classification_best_10,0,0,0,0,0
item-knn_classification_best_20,0,0,0,0,0
item-knn_classification_best_50,0,0,0,0,0
most-pop_embeddings,0,0,0,0,0
most-pop_relevance,0,0,0,0,0
most-pop_classification_best_10,0,0,0,0,0
most-pop_classification_best_20,0,0,0,0,0
most-pop_classification_best_50,0,0,0,0,0
bprmf_embeddings,0,0,0,0,0
bprmf_relevance,0,0,0,0,0
bprmf_classification_best_10,0,0,0,0,0
bprmf_classification_best_20,0,0,0,0,0
bprmf_classification_best_50,0,0,0,0,0
neumf_embeddings,0,0,0,0,0
neumf_relevance,0,0,0,0,0
neumf_classification_best_10,0,0,0,0,0
neumf_classification_best_20,0,0,0,0,0
neumf_classification_best_50,0,0,0,0,0
wrmf_embeddings,0,0,0,0,0
wrmf_relevance,0,0,0,0,0
wrmf_classification_best_10,0,0,0,0,0
wrmf_classification_best_20,0,0,0,0,0
wrmf_classification_best_50,0,0,0,0,0
lightgcn_embeddings,0,0,0,0,0
lightgcn_relevance,0,0,0,0,0
lightgcn_classification_best_10,0,0,0,0,0
lightgcn_classification_best_20,0,0,0,0,0
lightgcn_classification_best_50,0,0,0,0,0
multidae_embeddings,0,0,0,0,0
multidae_relevance,0,0,0,0,0
multidae_classification_best_10,0,0,0,0,0
multidae_classification_best_20,0,0,0,0,0
multidae_classification_best_50,0,0,0,0,0
observation,0,0,0,0,0
user-knn_embeddings,0,0,0,0,0
user-knn_relevance,0,0,0,0,0
user-knn_classification_best_10,0,0,0,0,0
user-knn_classification_best_20,0,0,0,0,0
user-knn_classification_best_50,0,0,0,0,0
item-knn_embeddings,0,0,0,0,0
item-knn_relevance,0,0,0,0,0
item-knn_classification_best_10,0,0,0,0,0
item-knn_classification_best_20,0,0,0,0,0
item-knn_classification_best_50,0,0,0,0,0
most-pop_embeddings,0,0,0,0,0
most-pop_relevance,0,0,0,0,0
most-pop_classification_best_10,0,0,0,0,0
most-pop_classification_best_20,0,0,0,0,0
most-pop_classification_best_50,0,0,0,0,0
bprmf_embeddings,0,0,0,0,0
bprmf_relevance,0,0,0,0,0
bprmf_classification_best_10,0,0,0,0,0
bprmf_classification_best_20,0,0,0,0,0
bprmf_classification_best_50,0,0,0,0,0
neumf_embeddings,0,0,0,0,0
neumf_relevance,0,0,0,0,0
neumf_classification_best_10,0,0,0,0,0
neumf_classification_best_20,0,0,0,0,0
neumf_classification_best_50,0,0,0,0,0
wrmf_embeddings,0,0,0,0,0
wrmf_relevance,0,0,0,0,0
wrmf_classification_best_10,0,0,0,0,0
wrmf_classification_best_20,0,0,0,0,0
wrmf_classification_best_50,0,0,0,0,0
lightgcn_embeddings,0,0,0,0,0
lightgcn_relevance,0,0,0,0,0
lightgcn_classification_best_10,0,0,0,0,0
lightgcn_classification_best_20,0,0,0,0,0
lightgcn_classification_best_50,0,0,0,0,0
multidae_embeddings,0,0,0,0,0
multidae_relevance,0,0,0,0,0
multidae_classification_best_10,0,0,0,0,0
multidae_classification_best_20,0,0,0,0,0
multidae_classification_best_50,0,0,0,0,0
observation,0.8053127428127429,0.8033419023136247,0.8054123711340206,0.8012820512820513,0.8053435114503816
user-knn_embeddings,0.7446775446775447,0.7353135313531354,0.7578231292517007,0.7141025641025641,0.7449109414758269
user-knn_relevance,0.677496114996115,0.6764518187619656,0.6734434561626429,0.6794871794871795,0.6774809160305344
user-knn_classification_best_10,0.6361013986013986,0.6328626444159178,0.6336760925449871,0.632051282051282,0.6361323155216285
user-knn_classification_best_20,0.6672882672882673,0.6649583600256246,0.6645326504481434,0.6653846153846154,0.6673027989821882
user-knn_classification_best_50,0.6799533799533799,0.6752743705616526,0.6801040312093628,0.6705128205128205,0.6800254452926209
item-knn_embeddings,0,0,0,0,0
item-knn_relevance,0,0,0,0,0
item-knn_classification_best_10,0,0,0,0,0
item-knn_classification_best_20,0,0,0,0,0
item-knn_classification_best_50,0,0,0,0,0
most-pop_embeddings,0,0,0,0,0
most-pop_relevance,0,0,0,0,0
most-pop_classification_best_10,0,0,0,0,0
most-pop_classification_best_20,0,0,0,0,0
most-pop_classification_best_50,0,0,0,0,0
bprmf_embeddings,0.5228049728049728,0.5148771021992238,0.5195822454308094,0.5102564102564102,0.5229007633587787
bprmf_relevance,0.6440656565656566,0.6260869565217392,0.6545454545454545,0.6,0.6444020356234097
bprmf_classification_best_10,0.5549339549339549,0.5280216070222823,0.557774607703281,0.5012820512820513,0.5553435114503816
bprmf_classification_best_20,0.6078282828282828,0.5893333333333334,0.6138888888888889,0.5666666666666667,0.6081424936386769
bprmf_classification_best_50,0.6484168609168609,0.6255088195386702,0.6642651296829971,0.591025641025641,0.648854961832061
neumf_embeddings,0,0,0,0,0
neumf_relevance,0,0,0,0,0
neumf_classification_best_10,0,0,0,0,0
neumf_classification_best_20,0,0,0,0,0
neumf_classification_best_50,0,0,0,0,0
wrmf_embeddings,0.5430846930846931,0.530718954248366,0.5413333333333333,0.5205128205128206,0.5432569974554707
wrmf_relevance,0.5866647241647241,0.5927318295739349,0.5796568627450981,0.6064102564102564,0.5865139949109415
wrmf_classification_best_10,0.5706973581973582,0.5735944409349336,0.5653798256537983,0.5820512820512821,0.5706106870229007
wrmf_classification_best_20,0.5644230769230769,0.5721424109931293,0.5578562728380024,0.5871794871794872,0.5642493638676844
wrmf_classification_best_50,0.5929778554778555,0.596469104665826,0.586848635235732,0.6064102564102564,0.5928753180661578
lightgcn_embeddings,0,0,0,0,0
lightgcn_relevance,0,0,0,0,0
lightgcn_classification_best_10,0,0,0,0,0
lightgcn_classification_best_20,0,0,0,0,0
lightgcn_classification_best_50,0,0,0,0,0
multidae_embeddings,0,0,0,0,0
multidae_relevance,0.6769813519813519,0.6809045226130653,0.6674876847290641,0.6948717948717948,0.6768447837150128
multidae_classification_best_10,0.6502816627816628,0.6553884711779449,0.6409313725490197,0.6705128205128205,0.6501272264631043
multidae_classification_best_20,0.675,0.6759670259987318,0.6687578419071518,0.6833333333333333,0.6749363867684478
multidae_classification_best_50,0.6725718725718726,0.6783260462211118,0.6613885505481121,0.6961538461538461,0.6723918575063613
