user-knn_relevance,0.317
user-knn_classification_best_10,0.319
user-knn_classification_best_20,0.2996666666666667
user-knn_classification_best_50,0.317
item-knn_relevance,0.30033333333333334
item-knn_classification_best_10,0.3243333333333333
item-knn_classification_best_20,0.2843333333333333
item-knn_classification_best_50,0.30033333333333334
most-pop_relevance,0.30733333333333335
most-pop_classification_best_10,0.324
most-pop_classification_best_20,0.3006666666666667
most-pop_classification_best_50,0.30733333333333335
bprmf_relevance,0.306
bprmf_classification_best_10,0.324
bprmf_classification_best_20,0.303
bprmf_classification_best_50,0.306
user-knn_relevance,0.346158940397351
user-knn_classification_best_10,0.34619205298013245
user-knn_classification_best_20,0.351158940397351
user-knn_classification_best_50,0.346158940397351
item-knn_relevance,0.346158940397351
item-knn_classification_best_10,0.34619205298013245
item-knn_classification_best_20,0.351158940397351
item-knn_classification_best_50,0.346158940397351
most-pop_relevance,0.346158940397351
most-pop_classification_best_10,0.34619205298013245
most-pop_classification_best_20,0.351158940397351
most-pop_classification_best_50,0.346158940397351
bprmf_relevance,0.346158940397351
bprmf_classification_best_10,0.34619205298013245
bprmf_classification_best_20,0.351158940397351
bprmf_classification_best_50,0.346158940397351

observation,0.14285714285714285,0.23976633601007716,0.1691951111111111,0.41133333333333333,0
user-knn_relevance,0.16814682854454846,0.22560961594251405,0.17776391955543716,0.3323333333333333,0
user-knn_classification_best_10,0.14285714285714285,0.1585740181268882,0.104976,0.324,0
user-knn_classification_best_20,0.14741086055392377,0.18651424486376894,0.15571995864397067,0.29433333333333334,0
observation,0.14285714285714285,0.23976633601007716,0.7578617777777779,0.41133333333333333,0
user-knn_relevance,0.16814682854454846,0.22560961594251405,0.6364305862221039,0.3323333333333333,0
user-knn_classification_best_10,0.14285714285714285,0.1585740181268882,0.780976,0.324,0
user-knn_classification_best_20,0.14741086055392377,0.18651424486376894,0.6123866253106374,0.29433333333333334,0
user-knn_classification_best_50,0.16814682854454846,0.22560961594251405,0.6364305862221039,0.3323333333333333,0
item-knn_relevance,0.15600994036309207,0.20663073952416702,0.6226467327290418,0.312,0
item-knn_classification_best_10,0.14262176982071614,0.15945307019053578,0.5834208108136919,0.322,0
item-knn_classification_best_20,0.1445338700041686,0.18814485438222758,0.44115859745436425,0.28733333333333333,0
item-knn_classification_best_50,0.15600994036309207,0.20663073952416702,0.6226467327290418,0.312,0
most-pop_relevance,0.1548987209117446,0.2051493796412638,0.4597493842288317,0.31,0
most-pop_classification_best_10,0.14285714285714285,0.1585740181268882,0.780976,0.324,0
most-pop_classification_best_20,0.14938657737910319,0.18288159636909632,0.6236660760514997,0.30033333333333334,0
most-pop_classification_best_50,0.1548987209117446,0.2051493796412638,0.4597493842288317,0.31,0
bprmf_relevance,0.15682864117625872,0.20546465162135516,0.628121452917321,0.316,0
bprmf_classification_best_10,0.14285714285714285,0.1585740181268882,0.780976,0.324,0
bprmf_classification_best_20,0.14308251226488028,0.17083637642810773,0.6022481121981932,0.2886666666666667,0
bprmf_classification_best_50,0.15682864117625872,0.20546465162135516,0.628121452917321,0.316,0

observation,0.14285714285714285,0.22470711294425078,0.7608069544053409,0.39604349753218493,0
user-knn_relevance,0.14285714285714285,0.17802654414886146,0.7736670716196657,0.346158940397351,0
user-knn_classification_best_10,0.14285714285714285,0.1780562250108122,0.7736568845664663,0.34619205298013245,0
user-knn_classification_best_20,0.14285714285714285,0.18252863928018173,0.7721536610236392,0.351158940397351,0
user-knn_classification_best_50,0.14285714285714285,0.17802654414886146,0.7736670716196657,0.346158940397351,0
item-knn_relevance,0.14285714285714285,0.17802654414886146,0.7736670716196657,0.346158940397351,0
item-knn_classification_best_10,0.14285714285714285,0.1780562250108122,0.7736568845664663,0.34619205298013245,0
item-knn_classification_best_20,0.14285714285714285,0.18252863928018173,0.7721536610236392,0.351158940397351,0
item-knn_classification_best_50,0.14285714285714285,0.17802654414886146,0.7736670716196657,0.346158940397351,0
most-pop_relevance,0.14285714285714285,0.17802654414886146,0.7736670716196657,0.346158940397351,0
most-pop_classification_best_10,0.14285714285714285,0.1780562250108122,0.7736568845664663,0.34619205298013245,0
most-pop_classification_best_20,0.14285714285714285,0.18252863928018173,0.7721536610236392,0.351158940397351,0
most-pop_classification_best_50,0.14285714285714285,0.17802654414886146,0.7736670716196657,0.346158940397351,0
bprmf_relevance,0.14285714285714285,0.17802654414886146,0.7736670716196657,0.346158940397351,0
bprmf_classification_best_10,0.14285714285714285,0.1780562250108122,0.7736568845664663,0.34619205298013245,0
bprmf_classification_best_20,0.14285714285714285,0.18252863928018173,0.7721536610236392,0.351158940397351,0
bprmf_classification_best_50,0.14285714285714285,0.17802654414886146,0.7736670716196657,0.346158940397351,0


observation,0.14285714285714285,0.22470711294425078,0.7608069544053409,0.39604349753218493,0
user-knn_relevance,0.14285714285714285,0.17802654414886146,0.7736670716196657,0.346158940397351,0
user-knn_classification_best_10,0.14285714285714285,0.1780562250108122,0.7736568845664663,0.34619205298013245,0
user-knn_classification_best_20,0.14285714285714285,0.18252863928018173,0.7721536610236392,0.351158940397351,0
user-knn_classification_best_50,0.14285714285714285,0.17802654414886146,0.7736670716196657,0.346158940397351,0
item-knn_relevance,0.14285714285714285,0.17802654414886146,0.7736670716196657,0.346158940397351,0
item-knn_classification_best_10,0.14285714285714285,0.1780562250108122,0.7736568845664663,0.34619205298013245,0
item-knn_classification_best_20,0.14285714285714285,0.18252863928018173,0.7721536610236392,0.351158940397351,0
item-knn_classification_best_50,0.14285714285714285,0.17802654414886146,0.7736670716196657,0.346158940397351,0
most-pop_relevance,0.14285714285714285,0.17802654414886146,0.7736670716196657,0.346158940397351,0
most-pop_classification_best_10,0.14285714285714285,0.1780562250108122,0.7736568845664663,0.34619205298013245,0
most-pop_classification_best_20,0.14285714285714285,0.18252863928018173,0.7721536610236392,0.351158940397351,0
most-pop_classification_best_50,0.14285714285714285,0.17802654414886146,0.7736670716196657,0.346158940397351,0
bprmf_relevance,0.14285714285714285,0.17802654414886146,0.7736670716196657,0.346158940397351,0
bprmf_classification_best_10,0.14285714285714285,0.1780562250108122,0.7736568845664663,0.34619205298013245,0
bprmf_classification_best_20,0.14285714285714285,0.18252863928018173,0.7721536610236392,0.351158940397351,0
bprmf_classification_best_50,0.14285714285714285,0.17802654414886146,0.7736670716196657,0.346158940397351,0
observation,0.303809137860862,0.40842510319648767,0.40184567198777726,0.43,0
user-knn_relevance,0.21490736730884513,0.29320183349667645,0.2965363526557557,0.2966666666666667,0
user-knn_classification_best_10,0.14570576978212443,0.23811352657004828,0.2416288968704644,0.24,0
user-knn_classification_best_20,0.14818548993425842,0.2394558282767863,0.24496729957805907,0.24333333333333335,0
user-knn_classification_best_50,0.21490736730884513,0.29320183349667645,0.2965363526557557,0.2966666666666667,0
item-knn_relevance,0.22500092727925242,0.3142111817803382,0.32987845728069604,0.31666666666666665,0
item-knn_classification_best_10,0.15649641819592558,0.21152104752661008,0.21073813060378566,0.21333333333333335,0
item-knn_classification_best_20,0.21628550477072644,0.2807953031188751,0.2910444585978429,0.27666666666666667,0
item-knn_classification_best_50,0.22500092727925242,0.3142111817803382,0.32987845728069604,0.31666666666666665,0
most-pop_relevance,0.18423710480360725,0.23289330166849345,0.24689822666080435,0.22666666666666666,0
most-pop_classification_best_10,0.13742265989802935,0.229496632996633,0.21853205128205128,0.25,0
most-pop_classification_best_20,0.14272018120540286,0.21845426663665052,0.2206396065922382,0.22666666666666666,0
most-pop_classification_best_50,0.18423710480360725,0.23289330166849345,0.24689822666080435,0.22666666666666666,0
bprmf_relevance,0.20775954796890755,0.28530733938407965,0.289029133351714,0.3,0
bprmf_classification_best_10,0.16595629557452218,0.25608510710259635,0.3421179669855275,0.2866666666666667,0
bprmf_classification_best_20,0.17666712278781244,0.2548611374986855,0.2529285085623758,0.28,0
bprmf_classification_best_50,0.20775954796890755,0.28530733938407965,0.289029133351714,0.3,0


observation,0,0,0,0,0
user-knn_embeddings,0,0,0,0,0
user-knn_relevance,0,0,0,0,0
user-knn_classification_best_10,0,0,0,0,0
user-knn_classification_best_20,0,0,0,0,0
user-knn_classification_best_50,0,0,0,0,0
item-knn_embeddings,0,0,0,0,0
item-knn_relevance,0,0,0,0,0
item-knn_classification_best_10,0,0,0,0,0
item-knn_classification_best_20,0,0,0,0,0
item-knn_classification_best_50,0,0,0,0,0
most-pop_embeddings,0,0,0,0,0
most-pop_relevance,0,0,0,0,0
most-pop_classification_best_10,0,0,0,0,0
most-pop_classification_best_20,0,0,0,0,0
most-pop_classification_best_50,0,0,0,0,0
bprmf_embeddings,0,0,0,0,0
bprmf_relevance,0,0,0,0,0
bprmf_classification_best_10,0,0,0,0,0
bprmf_classification_best_20,0,0,0,0,0
bprmf_classification_best_50,0,0,0,0,0



observation,0.303809137860862,0.4088733298992313,0.40179849849849847,0.43,0
user-knn_embeddings,0.14131735806612652,0.22466701111338844,0.23130058347449653,0.22333333333333333,0
user-knn_relevance,0.16152202112793243,0.2559013799715554,0.2555107041107041,0.26,0
user-knn_classification_best_10,0.19682567250301242,0.25156712994607733,0.2737653958242193,0.24666666666666667,0
user-knn_classification_best_20,0.1514641739395434,0.2390643483143426,0.2552954261583299,0.23,0
user-knn_classification_best_50,0.16152202112793243,0.2559013799715554,0.2555107041107041,0.26,0
item-knn_embeddings,0.1394096689663192,0.22877215053255184,0.23047668663809442,0.23,0
item-knn_relevance,0.1775789891553438,0.2261901313421784,0.23363474595165684,0.22333333333333333,0
item-knn_classification_best_10,0.24754308590515484,0.24451713529483754,0.25872184026131395,0.24333333333333335,0
item-knn_classification_best_20,0.22039097100673452,0.25552021472373054,0.25920604925304586,0.25666666666666665,0
item-knn_classification_best_50,0.1775789891553438,0.2261901313421784,0.23363474595165684,0.22333333333333333,0
most-pop_embeddings,0,0,0,0,0
most-pop_relevance,0.18423710480360725,0.23285389668358178,0.24635584604212057,0.22666666666666666,0
most-pop_classification_best_10,0.13869817010211097,0.2320235992015762,0.22015734265734266,0.25333333333333335,0
most-pop_classification_best_20,0.14272018120540286,0.2186664127245028,0.220864739274998,0.22666666666666666,0
most-pop_classification_best_50,0.18423710480360725,0.23285389668358178,0.24635584604212057,0.22666666666666666,0
bprmf_embeddings,0.14910600255427844,0.2413276434329066,0.45949999999999996,0.3333333333333333,0
bprmf_relevance,0.2102226021560997,0.28847778303723987,0.29416276627462495,0.30333333333333334,0
bprmf_classification_best_10,0.1544767037377875,0.24523671874538175,0.2364449779911965,0.27666666666666667,0
bprmf_classification_best_20,0.1664630411551594,0.24749452522364407,0.24370834118737383,0.2733333333333333,0
bprmf_classification_best_50,0.2102226021560997,0.28847778303723987,0.29416276627462495,0.30333333333333334,0
observation,0,0,0,0,0
user-knn_embeddings,0,0,0,0,0
user-knn_relevance,0,0,0,0,0
user-knn_classification_best_10,0,0,0,0,0
user-knn_classification_best_20,0,0,0,0,0
user-knn_classification_best_50,0,0,0,0,0
item-knn_embeddings,0,0,0,0,0
item-knn_relevance,0,0,0,0,0
item-knn_classification_best_10,0,0,0,0,0
item-knn_classification_best_20,0,0,0,0,0
item-knn_classification_best_50,0,0,0,0,0
most-pop_embeddings,0,0,0,0,0
most-pop_relevance,0,0,0,0,0
most-pop_classification_best_10,0,0,0,0,0
most-pop_classification_best_20,0,0,0,0,0
most-pop_classification_best_50,0,0,0,0,0
bprmf_embeddings,0,0,0,0,0
bprmf_relevance,0,0,0,0,0
bprmf_classification_best_10,0,0,0,0,0
bprmf_classification_best_20,0,0,0,0,0
bprmf_classification_best_50,0,0,0,0,0


observation,0.3763283719571015,0.46337751350826467,0.4649738152941058,0.47019867549668876,0
user-knn_embeddings,0.14893914812593362,0.21708092163783116,0.21772390481533302,0.21688741721854304,0
user-knn_relevance,0.21495516017799446,0.27574796669784135,0.27554966446312057,0.2764900662251656,0
user-knn_classification_best_10,0.20005214676489613,0.271340059704448,0.2668805998782329,0.2875275938189846,0
user-knn_classification_best_20,0.19648279435755134,0.25502053033195754,0.2548511157792752,0.2577262693156733,0
user-knn_classification_best_50,0.21495516017799446,0.27574796669784135,0.27554966446312057,0.2764900662251656,0
item-knn_embeddings,0.1581578661704155,0.22020635799034693,0.22082555361354025,0.22019867549668873,0
item-knn_relevance,0.21746724485607144,0.2766591307875762,0.2836738713603917,0.27207505518763797,0
item-knn_classification_best_10,0.1931126642147241,0.2620500412094881,0.259556565041807,0.27207505518763797,0
item-knn_classification_best_20,0.19165972950048765,0.24669922510949727,0.249184494046582,0.24724061810154527,0
item-knn_classification_best_50,0.21746724485607144,0.2766591307875762,0.2836738713603917,0.27207505518763797,0
most-pop_embeddings,0,0,0,0,0
most-pop_relevance,0.20816552466930455,0.2963191948760647,0.29110285874416414,0.33002207505518766,0
most-pop_classification_best_10,0.14870686140179487,0.22158061327149706,0.2168678956575212,0.32339955849889623,0
most-pop_classification_best_20,0.16878721440446534,0.2550506208214933,0.26313021390199093,0.3195364238410596,0
most-pop_classification_best_50,0.20816552466930455,0.2963191948760647,0.29110285874416414,0.33002207505518766,0
bprmf_embeddings,0.14285714285714285,0.17494957578331058,0.7747384983114776,0.34271523178807944,0
bprmf_relevance,0.2019803035394607,0.3037836390033386,0.3598462188440567,0.36037527593818985,0
bprmf_classification_best_10,0.15286391806895444,0.23076979019403968,0.4942600077649892,0.326158940397351,0
bprmf_classification_best_20,0.16991877062542246,0.26154352291686794,0.2919730545351406,0.3383002207505519,0
bprmf_classification_best_50,0.2019803035394607,0.3037836390033386,0.3598462188440567,0.36037527593818985,0
observation,0,0,0,0,0
user-knn_embeddings,0,0,0,0,0
user-knn_relevance,0,0,0,0,0
user-knn_classification_best_10,0,0,0,0,0
user-knn_classification_best_20,0,0,0,0,0
user-knn_classification_best_50,0,0,0,0,0
item-knn_embeddings,0,0,0,0,0
item-knn_relevance,0,0,0,0,0
item-knn_classification_best_10,0,0,0,0,0
item-knn_classification_best_20,0,0,0,0,0
item-knn_classification_best_50,0,0,0,0,0
most-pop_embeddings,0,0,0,0,0
most-pop_relevance,0,0,0,0,0
most-pop_classification_best_10,0,0,0,0,0
most-pop_classification_best_20,0,0,0,0,0
most-pop_classification_best_50,0,0,0,0,0
bprmf_embeddings,0,0,0,0,0
bprmf_relevance,0,0,0,0,0
bprmf_classification_best_10,0,0,0,0,0
bprmf_classification_best_20,0,0,0,0,0
bprmf_classification_best_50,0,0,0,0,0
observation,0,0,0,0,0
observation,0,0,0,0,0
user-knn_embeddings,0,0,0,0,0
user-knn_relevance,0,0,0,0,0
user-knn_classification_best_10,0,0,0,0,0
user-knn_classification_best_20,0,0,0,0,0
user-knn_classification_best_50,0,0,0,0,0
item-knn_embeddings,0,0,0,0,0
item-knn_relevance,0,0,0,0,0
item-knn_classification_best_10,0,0,0,0,0
item-knn_classification_best_20,0,0,0,0,0
item-knn_classification_best_50,0,0,0,0,0
most-pop_embeddings,0,0,0,0,0
most-pop_relevance,0,0,0,0,0
most-pop_classification_best_10,0,0,0,0,0
most-pop_classification_best_20,0,0,0,0,0
most-pop_classification_best_50,0,0,0,0,0
bprmf_embeddings,0,0,0,0,0
bprmf_relevance,0,0,0,0,0
bprmf_classification_best_10,0,0,0,0,0
bprmf_classification_best_20,0,0,0,0,0
bprmf_classification_best_50,0,0,0,0,0
observation,0.2517311931873283,0.3729808063847639,0.4638930492269879,0.42108167770419425,0.42108167770419425
user-knn_embeddings,0.14933456171807297,0.22792135381376996,0.2230444432994618,0.30242825607064017,0.30242825607064017
user-knn_relevance,0.16195646107029676,0.23916502173044063,0.3758959615409407,0.34381898454746135,0.34381898454746135
user-knn_classification_best_10,0.15859541540966035,0.23808774536699576,0.2531720074355729,0.3217439293598234,0.3217439293598234
user-knn_classification_best_20,0.1543501742704583,0.23127586509837858,0.26989916338347186,0.31567328918322296,0.31567328918322296
user-knn_classification_best_50,0.16195646107029676,0.23916502173044063,0.3758959615409407,0.34381898454746135,0.34381898454746135
observation,0.2517311931873283,0.3729808063847639,0.4638930492269879,0.42108167770419425,0.42108167770419425


observation,0.2517311931873283,0.3729808063847639,0.4638930492269879,0.42108167770419425,0.42108167770419425
user-knn_embeddings,0.14933456171807297,0.22792135381376996,0.2230444432994618,0.30242825607064017,0.30242825607064017
user-knn_relevance,0.16195646107029676,0.23916502173044063,0.3758959615409407,0.34381898454746135,0.34381898454746135
user-knn_classification_best_10,0.15859541540966035,0.23808774536699576,0.2531720074355729,0.3217439293598234,0.3217439293598234
user-knn_classification_best_20,0.1543501742704583,0.23127586509837858,0.26989916338347186,0.31567328918322296,0.31567328918322296
user-knn_classification_best_50,0.16195646107029676,0.23916502173044063,0.3758959615409407,0.34381898454746135,0.34381898454746135
item-knn_embeddings,0.14488757682935205,0.22184980899233456,0.2064713485882285,0.2891832229580574,0.2891832229580574
item-knn_relevance,0.20278158463292484,0.2975637277315632,0.339932478746808,0.3432671081677704,0.3432671081677704
item-knn_classification_best_10,0.17309630039660348,0.2652722239558997,0.2786225755006212,0.31567328918322296,0.31567328918322296
item-knn_classification_best_20,0.1974801426595037,0.288948489115045,0.3129562458809128,0.34105960264900664,0.34105960264900664
item-knn_classification_best_50,0.20278158463292484,0.2975637277315632,0.339932478746808,0.3432671081677704,0.3432671081677704
most-pop_embeddings,0,0,0,0,0
most-pop_relevance,0.21797867708225446,0.31031733863092575,0.3100106484258691,0.34823399558498896,0.34823399558498896
most-pop_classification_best_10,0.1499536397033229,0.2214876350968473,0.24220547330090333,0.32450331125827814,0.32450331125827814
most-pop_classification_best_20,0.16585373664619357,0.250931414216508,0.2652175650338718,0.32450331125827814,0.32450331125827814
most-pop_classification_best_50,0.21797867708225446,0.31031733863092575,0.3100106484258691,0.34823399558498896,0.34823399558498896
bprmf_embeddings,0.14285714285714285,0.17494957578331058,0.7747384983114776,0.34271523178807944,0.34271523178807944
bprmf_relevance,0.1585373717934246,0.23136252427645382,0.4309219661664474,0.33995584988962474,0.33995584988962474
bprmf_classification_best_10,0.14990815330575638,0.21243073081202943,0.4107224328728665,0.336644591611479,0.336644591611479
bprmf_classification_best_20,0.1542058520786945,0.22391917372551517,0.4074133660774447,0.33719646799117,0.33719646799117
bprmf_classification_best_50,0.1585373717934246,0.23136252427645382,0.4309219661664474,0.33995584988962474,0.33995584988962474
neumf_embeddings,0,0,0,0,0
neumf_relevance,0.1574469202862665,0.22274873685344782,0.5605666850678538,0.34823399558498896,0.34823399558498896
neumf_classification_best_10,0.14539547793871538,0.20699571604769715,0.39355048803079545,0.32671081677704195,0.32671081677704195
neumf_classification_best_20,0.14902642770423769,0.20847043032621573,0.49188360563411315,0.3383002207505519,0.3383002207505519
neumf_classification_best_50,0.1574469202862665,0.22274873685344782,0.5605666850678538,0.34823399558498896,0.34823399558498896
wrmf_embeddings,0,0,0,0,0
wrmf_relevance,0.14522737648326559,0.18390177937344926,0.6664038524235859,0.34381898454746135,0.34381898454746135
wrmf_classification_best_10,0.14285714285714285,0.17494957578331058,0.7747384983114776,0.34271523178807944,0.34271523178807944
wrmf_classification_best_20,0.14285714285714285,0.17494957578331058,0.7747384983114776,0.34271523178807944,0.34271523178807944
wrmf_classification_best_50,0.14522737648326559,0.18390177937344926,0.6664038524235859,0.34381898454746135,0.34381898454746135
lightgcn_embeddings,0,0,0,0,0
lightgcn_relevance,0.14285714285714285,0.17494957578331058,0.7747384983114776,0.34271523178807944,0.34271523178807944
lightgcn_classification_best_10,0.14285714285714285,0.17494957578331058,0.7747384983114776,0.34271523178807944,0.34271523178807944
lightgcn_classification_best_20,0.14285714285714285,0.17494957578331058,0.7747384983114776,0.34271523178807944,0.34271523178807944
lightgcn_classification_best_50,0.14285714285714285,0.17494957578331058,0.7747384983114776,0.34271523178807944,0.34271523178807944
multidae_embeddings,0,0,0,0,0
multidae_relevance,0.24018669395537331,0.3415198329195064,0.35000439479333895,0.3780353200883002,0.3780353200883002
multidae_classification_best_10,0.2281689256328219,0.3220165221231377,0.33991473991312304,0.36037527593818985,0.36037527593818985
multidae_classification_best_20,0.2316647568196716,0.32690769986188756,0.34224594087871757,0.36258278145695366,0.36258278145695366
multidae_classification_best_50,0.24018669395537331,0.3415198329195064,0.35000439479333895,0.3780353200883002,0.3780353200883002
observation,0.8000266521137664,0.7988580791196912,0.8009563570989148,0.7987421383647799,0.7987421383647799
observation,0.8000266521137664,0.7988580791196912,0.8009563570989148,0.7987421383647799,0.7987421383647799
user-knn_embeddings,0.4940572132042187,0.4954918148680024,0.4954002179172945,0.49559748427672956,0.49559748427672956
user-knn_relevance,0.6072557206858478,0.6064824486824351,0.6085208223994586,0.6062893081761006,0.6062893081761006
user-knn_classification_best_10,0.5675980099755055,0.5686314584655926,0.5687256274352624,0.5685534591194968,0.5685534591194968
user-knn_classification_best_20,0.6072557206858478,0.6064824486824351,0.6085208223994586,0.6062893081761006,0.6062893081761006
user-knn_classification_best_50,0.6072557206858478,0.6064824486824351,0.6085208223994586,0.6062893081761006,0.6062893081761006
item-knn_embeddings,0.49457756399680175,0.49574143271231785,0.49592449513438297,0.49559748427672956,0.49559748427672956
item-knn_relevance,0.6344567410810604,0.6326799945579648,0.6361975985464937,0.6327044025157232,0.6327044025157232
item-knn_classification_best_10,0.5823169570900968,0.582654498439128,0.583390455662539,0.5823899371069182,0.5823899371069182
item-knn_classification_best_20,0.6118310002157552,0.6133206836922588,0.6132423188033165,0.6138364779874214,0.6138364779874214
item-knn_classification_best_50,0.6344567410810604,0.6326799945579648,0.6361975985464937,0.6327044025157232,0.6327044025157232
most-pop_embeddings,0,0,0,0,0
most-pop_relevance,0.6234563984110264,0.6228588983494209,0.6246215962777808,0.6226415094339622,0.6226415094339622
most-pop_classification_best_10,0.5642189026944018,0.562031421780765,0.5659155892851786,0.5622641509433962,0.5622641509433962
most-pop_classification_best_20,0.5712404655235871,0.5678281219324177,0.5734119420511236,0.5685534591194968,0.5685534591194968
most-pop_classification_best_50,0.6234563984110264,0.6228588983494209,0.6246215962777808,0.6226415094339622,0.6226415094339622
bprmf_embeddings,0.5398544286929041,0.5302225080513518,0.5431615310575795,0.5345911949685535,0.5345911949685535
bprmf_relevance,0.6497721878847106,0.6504308794263449,0.6506213340335447,0.650314465408805,0.650314465408805
bprmf_classification_best_10,0.5688481210259795,0.5651995265282346,0.5710797285227522,0.5660377358490565,0.5660377358490566
bprmf_classification_best_20,0.6020807685961951,0.6014774635288535,0.6032980180479817,0.6012578616352201,0.6012578616352201
bprmf_classification_best_50,0.6497721878847106,0.6504308794263449,0.6506213340335447,0.650314465408805,0.650314465408805
neumf_embeddings,0,0,0,0,0
neumf_relevance,0.6491756881956519,0.6461101254697217,0.6519090273807255,0.6465408805031446,0.6465408805031446
neumf_classification_best_10,0.5787030573781935,0.577434724604536,0.5801545805864969,0.5773584905660377,0.5773584905660377
neumf_classification_best_20,0.5821614864264593,0.5813070564152619,0.5834869502333837,0.5811320754716981,0.5811320754716981
neumf_classification_best_50,0.6491756881956519,0.6461101254697217,0.6519090273807255,0.6465408805031446,0.6465408805031446
wrmf_embeddings,0.5369417334027135,0.5283705436606825,0.5398413850028907,0.5320754716981132,0.5320754716981132
wrmf_relevance,0.6315186628253779,0.6284786014717719,0.6340858797619804,0.6289308176100629,0.6289308176100629
wrmf_classification_best_10,0.5478119883746018,0.53711340991102,0.55188248539356,0.5421383647798742,0.5421383647798742
wrmf_classification_best_20,0.5490081606234056,0.5385097227522749,0.5530821928944065,0.5433962264150943,0.5433962264150943
wrmf_classification_best_50,0.6315186628253779,0.6284786014717719,0.6340858797619804,0.6289308176100629,0.6289308176100629
lightgcn_embeddings,0,0,0,0,0
lightgcn_relevance,0.5397243409947584,0.5304565371811926,0.5429281694803045,0.5345911949685535,0.5345911949685535
lightgcn_classification_best_10,0.5397243409947584,0.5304565371811926,0.5429281694803045,0.5345911949685535,0.5345911949685535
lightgcn_classification_best_20,0.5397243409947584,0.5304565371811926,0.5429281694803045,0.5345911949685535,0.5345911949685535
lightgcn_classification_best_50,0.5397243409947584,0.5304565371811926,0.5429281694803045,0.5345911949685535,0.5345911949685535
multidae_embeddings,0,0,0,0,0
multidae_relevance,0.6955662305027097,0.6957653150130467,0.6962499660514188,0.6955974842767295,0.6955974842767295
multidae_classification_best_10,0.6600713261330321,0.6576797319665749,0.662315545290018,0.6578616352201258,0.6578616352201258
multidae_classification_best_20,0.6729944284390745,0.6731517984207868,0.6737647730897685,0.6729559748427673,0.6729559748427673
multidae_classification_best_50,0.6955662305027097,0.6957653150130467,0.6962499660514188,0.6955974842767295,0.6955974842767295


observation,0.7187257187257188,0.7187680531364191,0.7188951889919613,0.7188295165394402,0.7188295165394402


observation,0.829594017094017,0.8295090885656543,0.8297192030315447,0.8295165394402035,0.8295165394402035
user-knn_embeddings,0.4986208236208236,0.4986368310722619,0.4986492534389924,0.49872773536895676,0.49872773536895676
user-knn_relevance,0.6591200466200466,0.6578420000404404,0.6624388669722411,0.6596692111959288,0.6596692111959288
user-knn_classification_best_10,0.6088480963480963,0.6072059341934283,0.6112529382901427,0.6094147582697201,0.6094147582697201
user-knn_classification_best_20,0.6247086247086246,0.6228604469813113,0.6279154542854898,0.6253180661577609,0.6253180661577609
user-knn_classification_best_50,0.6591200466200466,0.6578420000404404,0.6624388669722411,0.6596692111959288,0.6596692111959288
item-knn_embeddings,0.4974941724941725,0.49744977659713085,0.49752300004305333,0.49745547073791346,0.49745547073791346
item-knn_relevance,0.6788947163947163,0.6786630765731309,0.6791717236787371,0.6787531806615776,0.6787531806615776
item-knn_classification_best_10,0.6458430458430457,0.645523273434765,0.6461680238937622,0.6456743002544529,0.6456743002544529
item-knn_classification_best_20,0.6604215229215229,0.6602437540170957,0.6606013819678599,0.6603053435114504,0.6603053435114504
item-knn_classification_best_50,0.6788947163947163,0.6786630765731309,0.6791717236787371,0.6787531806615776,0.6787531806615776
most-pop_embeddings,0,0,0,0,0
most-pop_relevance,0.6581390831390832,0.6579831403490608,0.6588522051424571,0.6583969465648855,0.6583969465648855
most-pop_classification_best_10,0.5884032634032634,0.585963494494051,0.5910350880098028,0.589058524173028,0.589058524173028
most-pop_classification_best_20,0.6128205128205129,0.6120756693275777,0.6141146338779226,0.6132315521628499,0.6132315521628499
most-pop_classification_best_50,0.6581390831390832,0.6579831403490608,0.6588522051424571,0.6583969465648855,0.6583969465648855
bprmf_embeddings,0.5,0.32910110609129145,0.7500145679156227,0.4961832061068702,0.4961832061068702
bprmf_relevance,0.6601010101010101,0.6600439006344647,0.6605554499225683,0.6603053435114504,0.6603053435114504
bprmf_classification_best_10,0.5755050505050505,0.5754170476993535,0.5757056359001086,0.5756997455470738,0.5756997455470738
bprmf_classification_best_20,0.6214257964257964,0.6214625132399526,0.6214846258750574,0.621501272264631,0.621501272264631
bprmf_classification_best_50,0.6601010101010101,0.6600439006344647,0.6605554499225683,0.6603053435114504,0.6603053435114504
neumf_embeddings,0,0,0,0,0
neumf_relevance,0.6828477078477078,0.6824682588440631,0.6844555047470133,0.683206106870229,0.683206106870229
neumf_classification_best_10,0.5865967365967366,0.5849335664041977,0.5884161933209064,0.5871501272264631,0.5871501272264631
neumf_classification_best_20,0.6192404817404817,0.6187532825755501,0.6202425214975156,0.6195928753180662,0.6195928753180662
neumf_classification_best_50,0.6828477078477078,0.6824682588440631,0.6844555047470133,0.683206106870229,0.683206106870229
wrmf_embeddings,0.5036130536130536,0.4758270596347265,0.5045573026091439,0.5019083969465649,0.5019083969465649
wrmf_relevance,0.6143648018648018,0.6110626263066821,0.6192089120323723,0.6151399491094147,0.6151399491094147
wrmf_classification_best_10,0.5603341103341104,0.5569295540631904,0.5626110748816386,0.5610687022900763,0.5610687022900763
wrmf_classification_best_20,0.6110431235431235,0.6062068687831003,0.6177391049830389,0.6119592875318066,0.6119592875318066
wrmf_classification_best_50,0.6143648018648018,0.6110626263066821,0.6192089120323723,0.6151399491094147,0.6151399491094147
lightgcn_embeddings,0,0,0,0,0
lightgcn_relevance,0.5,0.32910110609129145,0.7500145679156227,0.4961832061068702,0.4961832061068702
lightgcn_classification_best_10,0.5,0.32910110609129145,0.7500145679156227,0.4961832061068702,0.4961832061068702
lightgcn_classification_best_20,0.5,0.32910110609129145,0.7500145679156227,0.4961832061068702,0.4961832061068702
lightgcn_classification_best_50,0.5,0.32910110609129145,0.7500145679156227,0.4961832061068702,0.4961832061068702
multidae_embeddings,0,0,0,0,0
multidae_relevance,0.7245532245532245,0.724557716975619,0.7245660041652984,0.7245547073791349,0.7245547073791349
multidae_classification_best_10,0.6871309246309246,0.6869767962642183,0.6873067573293181,0.6870229007633588,0.6870229007633588
multidae_classification_best_20,0.6763014763014763,0.6761754999941259,0.6764319647913996,0.676208651399491,0.676208651399491
multidae_classification_best_50,0.7245532245532245,0.724557716975619,0.7245660041652984,0.7245547073791349,0.7245547073791349


observation,0.7721736596736597,0.7722233318830836,0.7723421237051966,0.772264631043257,0.772264631043257

observation,0.8193861693861694,0.8193384223918575,0.8194339163804812,0.8193384223918575,0.8193384223918575
observation,0.7811480186480186,0.7811680037939394,0.7811680531634979,0.7811704834605598,0.7811704834605598
user-knn_embeddings,0.4999902874902875,0.5000064747968532,0.5000194240132602,0.5,0.5
user-knn_embeddings,0.5019036519036519,0.5019154516829943,0.5019326614000086,0.5019083969465649,0.5019083969465649
item-knn_embeddings,0.5000097125097125,0.5000064746710867,0.5000388480265202,0.5,0.5
most-pop_embeddings,0,0,0,0,0
bprmf_embeddings,0.5,0.32910110609129145,0.7500145679156227,0.4961832061068702,0.4961832061068702
neumf_embeddings,0,0,0,0,0


user-knn_embeddings,0.4999902874902875,0.5000064747968532,0.5000194240132602,0.5,0.5
user-knn_embeddings,0.4873057498057498,0.4872773536895674,0.4873341459219322,0.4872773536895674,0.4872773536895674
user-knn_embeddings,0.49870823620823623,0.49873179247316396,0.4987374640395467,0.49872773536895676,0.49872773536895676
item-knn_embeddings,0.5037781662781663,0.5038111713932346,0.5038071798027188,0.5038167938931297,0.5038167938931297
most-pop_embeddings,0,0,0,0,0
bprmf_embeddings,0.487062937062937,0.48507216530364916,0.4869213042319616,0.4866412213740458,0.4866412213740458
neumf_embeddings,0,0,0,0,0
wrmf_embeddings,0.5092463092463093,0.5088092886409851,0.5093254205652205,0.5095419847328244,0.5095419847328244
lightgcn_embeddings,0,0,0,0,0
multidae_embeddings,0,0,0,0,0
user-knn_embeddings,0.49870823620823623,0.49873179247316396,0.4987374640395467,0.49872773536895676,0.49872773536895676
item-knn_embeddings,0.5037781662781663,0.5038111713932346,0.5038071798027188,0.5038167938931297,0.5038167938931297
most-pop_embeddings,0,0,0,0,0
bprmf_embeddings,0.487062937062937,0.48507216530364916,0.4869213042319616,0.4866412213740458,0.4866412213740458
neumf_embeddings,0,0,0,0,0


user-knn_embeddings,0.5050602175602176,0.5050890585241731,0.5050890585241731,0.5050890585241731,0.5050890585241731
item-knn_embeddings,0.5038170163170164,0.5038240223535134,0.503845929724375,0.5038167938931297,0.5038167938931297
most-pop_embeddings,0,0,0,0,0
bprmf_embeddings,0.48578088578088574,0.4838680366122025,0.4856307262676067,0.48536895674300257,0.48536895674300257
neumf_embeddings,0,0,0,0,0
user-knn_embeddings,0.49644645802885157,0.5048451003562194,0.5042695190711599,0.5055187637969095,0.5055187637969095
user-knn_embeddings,0.5006410256410256,0.5006432050030213,0.5006701313814355,0.5006361323155216,0.5006361323155216
item-knn_embeddings,0.49932012432012435,0.4993547503231809,0.4993492700535765,0.4993638676844784,0.4993638676844784
most-pop_embeddings,0,0,0,0,0
bprmf_embeddings,0.4857905982905983,0.48379601205780937,0.4856321706437438,0.48536895674300257,0.48536895674300257
neumf_embeddings,0,0,0,0,0

user-knn_embeddings,0.7634032634032635,0.7633587786259542,0.7634477481805726,0.7633587786259542,0.7633587786259542
user-knn_embeddings,0.7634032634032635,0.7633587786259542,0.7634477481805726,0.7633587786259542,0.7633587786259542
item-knn_embeddings,0.765928515928516,0.7659063392862087,0.7659490424603986,0.7659033078880407,0.7659033078880407
most-pop_embeddings,0,0,0,0,0
bprmf_embeddings,0.5,0.32910110609129145,0.7500145679156227,0.4961832061068702,0.4961832061068702
neumf_embeddings,0,0,0,0,0
wrmf_embeddings,0.6334595959595959,0.6304456157575561,0.638960111358665,0.6342239185750637,0.6342239185750637
lightgcn_embeddings,0,0,0,0,0
multidae_embeddings,0,0,0,0,0
user-knn_embeddings,0.7621989121989122,0.7620514670788977,0.7624335926725788,0.7620865139949109,0.7620865139949109
item-knn_embeddings,0.7609071484071483,0.7607929547153897,0.7610697900831346,0.7608142493638677,0.7608142493638677
most-pop_embeddings,0,0,0,0,0
bprmf_embeddings,0.48424630924630924,0.4839035331710894,0.48424707090994,0.48409669211195927,0.48409669211195927
neumf_embeddings,0,0,0,0,0
user-knn_embeddings,0.763412975912976,0.7633560973343452,0.7634745184341658,0.7633587786259542,0.7633587786259542
item-knn_embeddings,0.7653651903651904,0.7652431424318908,0.7655468800384585,0.7652671755725191,0.7652671755725191
most-pop_embeddings,0,0,0,0,0
bprmf_embeddings,0.5240870240870241,0.5241175606036809,0.5241231818009191,0.5241730279898219,0.5241730279898219
neumf_embeddings,0,0,0,0,0
wrmf_embeddings,0.5,0.32910110609129145,0.7500145679156227,0.4961832061068702,0.4961832061068702
lightgcn_embeddings,0,0,0,0,0
multidae_embeddings,0,0,0,0,0
user-knn_embeddings,0.763412975912976,0.7633560973343452,0.7634745184341658,0.7633587786259542,0.7633587786259542
item-knn_embeddings,0.7653651903651904,0.7652431424318908,0.7655468800384585,0.7652671755725191,0.7652671755725191
most-pop_embeddings,0,0,0,0,0
bprmf_embeddings,0.5,0.32910110609129145,0.7500145679156227,0.4961832061068702,0.4961832061068702
neumf_embeddings,0,0,0,0,0
wrmf_embeddings,0.5,0.32910110609129145,0.7500145679156227,0.4961832061068702,0.4961832061068702
lightgcn_embeddings,0,0,0,0,0
multidae_embeddings,0,0,0,0,0
user-knn_embeddings,0.763412975912976,0.7633560973343452,0.7634745184341658,0.7633587786259542,0.7633587786259542


observation,0.5989801864801865,0.5976413401954338,0.6000373503312232,0.5986005089058524,0.5986005089058524

observation,0.6768648018648018,0.6768489683624834,0.6768882117887648,0.6768447837150128,0.6768447837150128
observation,0.7277972027972028,0.7277283176610049,0.7278720667158884,0.727735368956743,0.727735368956743


observation,0.7176767676767677,0.7175060426658998,0.7179104205932363,0.7175572519083969,0.7175572519083969  <-- obfuscated and time split fixed #20
observation,0.8149184149184149,0.8148875187399263,0.8149429624432553,0.8148854961832062,0.8148854961832062  <-- obfuscated
observation,0.8072163947163947,0.8072452777680504,0.8072549825944806,0.8072519083969466,0.8072519083969466  <-- obfuscated avg

user-knn_relevance,0.6426282051282051,0.6415348684107404,0.6450923466089757,0.6431297709923665,0.6431297709923665
user-knn_classification_best_10,0.5849261849261849,0.5845151464497316,0.585498572435461,0.5852417302798982,0.5852417302798982
user-knn_classification_best_20,0.6057692307692307,0.604734135174294,0.6073267044754822,0.6062340966921119,0.6062340966921119
user-knn_classification_best_50,0.6426282051282051,0.6415348684107404,0.6450923466089757,0.6431297709923665,0.6431297709923665
item-knn_relevance,0,0,0,0,0
item-knn_classification_best_10,0,0,0,0,0
item-knn_classification_best_20,0,0,0,0,0
item-knn_classification_best_50,0,0,0,0,0
most-pop_relevance,0,0,0,0,0
most-pop_classification_best_10,0,0,0,0,0
most-pop_classification_best_20,0,0,0,0,0
most-pop_classification_best_50,0,0,0,0,0
bprmf_relevance,0.6729700854700855,0.6730068161694599,0.6730205078511253,0.6730279898218829,0.6730279898218829
bprmf_classification_best_10,0.5734071484071483,0.5726904454962214,0.5741427489755768,0.573791348600509,0.573791348600509
bprmf_classification_best_20,0.6263403263403263,0.6261707239671069,0.62687381078756,0.6265903307888041,0.6265903307888041
bprmf_classification_best_50,0.6729700854700855,0.6730068161694599,0.6730205078511253,0.6730279898218829,0.6730279898218829
neumf_relevance,0,0,0,0,0
neumf_classification_best_10,0,0,0,0,0
neumf_classification_best_20,0,0,0,0,0
neumf_classification_best_50,0,0,0,0,0
wrmf_relevance,0.6005827505827506,0.5989278374969876,0.6027682118949228,0.601145038167939,0.601145038167939
wrmf_classification_best_10,0.5452311577311577,0.545140914556724,0.5452757455564011,0.5451653944020356,0.5451653944020356
wrmf_classification_best_20,0.583498445998446,0.5823515856598973,0.5847604472834211,0.583969465648855,0.583969465648855
wrmf_classification_best_50,0.6005827505827506,0.5989278374969876,0.6027682118949228,0.601145038167939,0.601145038167939
lightgcn_relevance,0,0,0,0,0
lightgcn_classification_best_10,0,0,0,0,0
lightgcn_classification_best_20,0,0,0,0,0
lightgcn_classification_best_50,0,0,0,0,0
multidae_relevance,0.6901903651903651,0.6902049414077144,0.6902068790751422,0.6902035623409669,0.6902035623409669
multidae_classification_best_10,0.6411713286713286,0.6412056920194613,0.6412086936674191,0.6412213740458015,0.6412213740458015
multidae_classification_best_20,0.6621309246309246,0.6621693049540054,0.6622154682413336,0.6622137404580153,0.6622137404580153
multidae_classification_best_50,0.6901903651903651,0.6902049414077144,0.6902068790751422,0.6902035623409669,0.6902035623409669



user-knn_embeddings,0.7595182595182595,0.7595392599828752,0.759538994231694,0.7595419847328244,0.7595419847328244
item-knn_embeddings,0,0,0,0,0
most-pop_embeddings,0,0,0,0,0
bprmf_embeddings,0.5,0.32910110609129145,0.7500145679156227,0.4961832061068702,0.4961832061068702
neumf_embeddings,0,0,0,0,0
wrmf_embeddings,0.5336149961149961,0.47272065333064384,0.5644242506264903,0.5362595419847328,0.5362595419847328
lightgcn_embeddings,0,0,0,0,0
multidae_embeddings,0,0,0,0,0


user-knn_embeddings,0.7550602175602176,0.7550845983156602,0.7550856385077904,0.7550890585241731,0.7550890585241731
user-knn_relevance,0.6310606060606061,0.6291860888784986,0.6345411418896487,0.6316793893129771,0.6316793893129771
user-knn_classification_best_10,0.580924630924631,0.5795900095661513,0.5823078039469087,0.5814249363867684,0.5814249363867684
user-knn_classification_best_20,0.5987276612276613,0.5974110182679037,0.6004762686233567,0.5992366412213741,0.5992366412213741
user-knn_classification_best_50,0.6310606060606061,0.6291860888784986,0.6345411418896487,0.6316793893129771,0.6316793893129771
item-knn_embeddings,0,0,0,0,0
item-knn_relevance,0,0,0,0,0
item-knn_classification_best_10,0,0,0,0,0
item-knn_classification_best_20,0,0,0,0,0
item-knn_classification_best_50,0,0,0,0,0
most-pop_embeddings,0,0,0,0,0
most-pop_relevance,0,0,0,0,0
most-pop_classification_best_10,0,0,0,0,0
most-pop_classification_best_20,0,0,0,0,0
most-pop_classification_best_50,0,0,0,0,0
bprmf_embeddings,0.5,0.32910110609129145,0.7500145679156227,0.4961832061068702,0.4961832061068702
bprmf_relevance,0.6729700854700855,0.6730068161694599,0.6730205078511253,0.6730279898218829,0.6730279898218829
bprmf_classification_best_10,0.5734071484071483,0.5726904454962214,0.5741427489755768,0.573791348600509,0.573791348600509
bprmf_classification_best_20,0.6263403263403263,0.6261707239671069,0.62687381078756,0.6265903307888041,0.6265903307888041
bprmf_classification_best_50,0.6729700854700855,0.6730068161694599,0.6730205078511253,0.6730279898218829,0.6730279898218829
neumf_embeddings,0,0,0,0,0
neumf_relevance,0,0,0,0,0
neumf_classification_best_10,0,0,0,0,0
neumf_classification_best_20,0,0,0,0,0
neumf_classification_best_50,0,0,0,0,0
wrmf_embeddings,0.5336149961149961,0.47272065333064384,0.5644242506264903,0.5362595419847328,0.5362595419847328
wrmf_relevance,0.6005827505827506,0.5989278374969876,0.6027682118949228,0.601145038167939,0.601145038167939
wrmf_classification_best_10,0.5452311577311577,0.545140914556724,0.5452757455564011,0.5451653944020356,0.5451653944020356
wrmf_classification_best_20,0.583498445998446,0.5823515856598973,0.5847604472834211,0.583969465648855,0.583969465648855
wrmf_classification_best_50,0.6005827505827506,0.5989278374969876,0.6027682118949228,0.601145038167939,0.601145038167939
lightgcn_embeddings,0,0,0,0,0
lightgcn_relevance,0,0,0,0,0
lightgcn_classification_best_10,0,0,0,0,0
lightgcn_classification_best_20,0,0,0,0,0
lightgcn_classification_best_50,0,0,0,0,0
multidae_embeddings,0,0,0,0,0
multidae_relevance,0.6901903651903651,0.6902049414077144,0.6902068790751422,0.6902035623409669,0.6902035623409669
multidae_classification_best_10,0.6411713286713286,0.6412056920194613,0.6412086936674191,0.6412213740458015,0.6412213740458015
multidae_classification_best_20,0.6621309246309246,0.6621693049540054,0.6622154682413336,0.6622137404580153,0.6622137404580153
multidae_classification_best_50,0.6901903651903651,0.6902049414077144,0.6902068790751422,0.6902035623409669,0.6902035623409669
observation,0.6723970473970474,0.6723964975948176,0.6724147421860891,0.6723918575063613,0.6723918575063613
observation,0.8136121506968568,0.8097478101777512,0.8166184308366399,0.8087748344370861,0.8087748344370861
observation,0.5,0.41628828696874265,0.7551868613218717,0.5720198675496688,0.5720198675496688
observation,0.6723970473970474,0.670926517571885,0.6687898089171974,0.6730769230769231,0.6723918575063613
observation,0.6723970473970474,0.670926517571885,0.6687898089171974,0.6730769230769231,0.6723918575063613
user-knn_embeddings,0,0,0,0,0
user-knn_relevance,0.578072835232391,0.5802310654685493,0.5832258064516129,0.5772669220945083,0.5780645161290323
user-knn_classification_best_10,0.563971020429232,0.5621761658031088,0.5703022339027596,0.5542784163473818,0.5638709677419355
user-knn_classification_best_20,0.5607781724087977,0.557504873294347,0.5674603174603174,0.5478927203065134,0.5606451612903226
user-knn_classification_best_50,0.578072835232391,0.5802310654685493,0.5832258064516129,0.5772669220945083,0.5780645161290323
item-knn_embeddings,0,0,0,0,0
item-knn_relevance,0,0,0,0,0
item-knn_classification_best_10,0,0,0,0,0
item-knn_classification_best_20,0,0,0,0,0
item-knn_classification_best_50,0,0,0,0,0
most-pop_embeddings,0,0,0,0,0
most-pop_relevance,0,0,0,0,0
most-pop_classification_best_10,0,0,0,0,0
most-pop_classification_best_20,0,0,0,0,0
most-pop_classification_best_50,0,0,0,0,0
bprmf_embeddings,0.5,0.6603284356093345,0.49290322580645163,1.0,0.49290322580645163
bprmf_relevance,0.5258033738454545,0.49658002735978113,0.5346097201767305,0.46360153256704983,0.5251612903225806
bprmf_classification_best_10,0.5045299311810124,0.506426735218509,0.5097024579560155,0.5031928480204342,0.5045161290322581
bprmf_classification_best_20,0.5151874663855962,0.4655784244144784,0.5239616613418531,0.41890166028097064,0.5141935483870967
bprmf_classification_best_50,0.5258033738454545,0.49658002735978113,0.5346097201767305,0.46360153256704983,0.5251612903225806
neumf_embeddings,0,0,0,0,0
neumf_relevance,0,0,0,0,0
neumf_classification_best_10,0,0,0,0,0
neumf_classification_best_20,0,0,0,0,0
neumf_classification_best_50,0,0,0,0,0
wrmf_embeddings,0.5,0.6603284356093345,0.49290322580645163,1.0,0.49290322580645163
wrmf_relevance,0.5,0.6712387483926275,0.5051612903225806,1.0,0.5051612903225806
wrmf_classification_best_10,0.5,0.6712387483926275,0.5051612903225806,1.0,0.5051612903225806
wrmf_classification_best_20,0.5,0.6712387483926275,0.5051612903225806,1.0,0.5051612903225806
wrmf_classification_best_50,0.5,0.6712387483926275,0.5051612903225806,1.0,0.5051612903225806
lightgcn_embeddings,0,0,0,0,0
lightgcn_relevance,0,0,0,0,0
lightgcn_classification_best_10,0,0,0,0,0
lightgcn_classification_best_20,0,0,0,0,0
lightgcn_classification_best_50,0,0,0,0,0
multidae_embeddings,0,0,0,0,0
multidae_relevance,0.603336713506205,0.6014257939079715,0.6105263157894737,0.5925925925925926,0.603225806451613
multidae_classification_best_10,0.5903655082497864,0.5911139729555698,0.5961038961038961,0.5862068965517241,0.5903225806451613
multidae_classification_best_20,0.5986269504679791,0.6043256997455471,0.6020278833967047,0.6066411238825032,0.5987096774193549
multidae_classification_best_50,0.603336713506205,0.6014257939079715,0.6105263157894737,0.5925925925925926,0.603225806451613
user-knn_embeddings,0.5148508586120992,0.5116883116883116,0.5077319587628866,0.5157068062827225,0.5148387096774194
item-knn_embeddings,0,0,0,0,0
most-pop_embeddings,0,0,0,0,0
observation,0,0,0,0,0
user-knn_embeddings,0,0,0,0,0
user-knn_relevance,0,0,0,0,0
user-knn_classification_best_10,0,0,0,0,0
user-knn_classification_best_20,0,0,0,0,0
user-knn_classification_best_50,0,0,0,0,0
item-knn_embeddings,0,0,0,0,0
item-knn_relevance,0,0,0,0,0
item-knn_classification_best_10,0,0,0,0,0
item-knn_classification_best_20,0,0,0,0,0
item-knn_classification_best_50,0,0,0,0,0
most-pop_embeddings,0,0,0,0,0
most-pop_relevance,0,0,0,0,0
most-pop_classification_best_10,0,0,0,0,0
most-pop_classification_best_20,0,0,0,0,0
most-pop_classification_best_50,0,0,0,0,0
bprmf_embeddings,0,0,0,0,0
bprmf_relevance,0,0,0,0,0
bprmf_classification_best_10,0,0,0,0,0
bprmf_classification_best_20,0,0,0,0,0
bprmf_classification_best_50,0,0,0,0,0
neumf_embeddings,0,0,0,0,0
neumf_relevance,0,0,0,0,0
neumf_classification_best_10,0,0,0,0,0
neumf_classification_best_20,0,0,0,0,0
neumf_classification_best_50,0,0,0,0,0
wrmf_embeddings,0,0,0,0,0
wrmf_relevance,0,0,0,0,0
wrmf_classification_best_10,0,0,0,0,0
wrmf_classification_best_20,0,0,0,0,0
wrmf_classification_best_50,0,0,0,0,0
lightgcn_embeddings,0,0,0,0,0
lightgcn_relevance,0,0,0,0,0
lightgcn_classification_best_10,0,0,0,0,0
lightgcn_classification_best_20,0,0,0,0,0
lightgcn_classification_best_50,0,0,0,0,0
multidae_embeddings,0,0,0,0,0
multidae_relevance,0,0,0,0,0
multidae_classification_best_10,0,0,0,0,0
multidae_classification_best_20,0,0,0,0,0
multidae_classification_best_50,0,0,0,0,0
observation,0,0,0,0,0
user-knn_embeddings,0,0,0,0,0
user-knn_relevance,0,0,0,0,0
user-knn_classification_best_10,0,0,0,0,0
user-knn_classification_best_20,0,0,0,0,0
user-knn_classification_best_50,0,0,0,0,0
item-knn_embeddings,0,0,0,0,0
item-knn_relevance,0,0,0,0,0
item-knn_classification_best_10,0,0,0,0,0
item-knn_classification_best_20,0,0,0,0,0
item-knn_classification_best_50,0,0,0,0,0
most-pop_embeddings,0,0,0,0,0
most-pop_relevance,0,0,0,0,0
most-pop_classification_best_10,0,0,0,0,0
most-pop_classification_best_20,0,0,0,0,0
most-pop_classification_best_50,0,0,0,0,0
bprmf_embeddings,0,0,0,0,0
bprmf_relevance,0,0,0,0,0
bprmf_classification_best_10,0,0,0,0,0
bprmf_classification_best_20,0,0,0,0,0
bprmf_classification_best_50,0,0,0,0,0
neumf_embeddings,0,0,0,0,0
neumf_relevance,0,0,0,0,0
neumf_classification_best_10,0,0,0,0,0
neumf_classification_best_20,0,0,0,0,0
neumf_classification_best_50,0,0,0,0,0
wrmf_embeddings,0,0,0,0,0
wrmf_relevance,0,0,0,0,0
wrmf_classification_best_10,0,0,0,0,0
wrmf_classification_best_20,0,0,0,0,0
wrmf_classification_best_50,0,0,0,0,0
lightgcn_embeddings,0,0,0,0,0
lightgcn_relevance,0,0,0,0,0
lightgcn_classification_best_10,0,0,0,0,0
lightgcn_classification_best_20,0,0,0,0,0
lightgcn_classification_best_50,0,0,0,0,0
multidae_embeddings,0,0,0,0,0
multidae_relevance,0,0,0,0,0
multidae_classification_best_10,0,0,0,0,0
multidae_classification_best_20,0,0,0,0,0
multidae_classification_best_50,0,0,0,0,0
observation,0,0,0,0,0
user-knn_embeddings,0,0,0,0,0
user-knn_relevance,0,0,0,0,0
user-knn_classification_best_10,0,0,0,0,0
user-knn_classification_best_20,0,0,0,0,0
user-knn_classification_best_50,0,0,0,0,0
item-knn_embeddings,0,0,0,0,0
item-knn_relevance,0,0,0,0,0
item-knn_classification_best_10,0,0,0,0,0
item-knn_classification_best_20,0,0,0,0,0
item-knn_classification_best_50,0,0,0,0,0
most-pop_embeddings,0,0,0,0,0
most-pop_relevance,0,0,0,0,0
most-pop_classification_best_10,0,0,0,0,0
most-pop_classification_best_20,0,0,0,0,0
most-pop_classification_best_50,0,0,0,0,0




observation,0,0,0,0,0
user-knn_embeddings,0,0,0,0,0
user-knn_relevance,0,0,0,0,0
user-knn_classification_best_10,0,0,0,0,0
user-knn_classification_best_20,0,0,0,0,0
user-knn_classification_best_50,0,0,0,0,0
item-knn_embeddings,0,0,0,0,0
item-knn_relevance,0,0,0,0,0
item-knn_classification_best_10,0,0,0,0,0
item-knn_classification_best_20,0,0,0,0,0
item-knn_classification_best_50,0,0,0,0,0
most-pop_embeddings,0,0,0,0,0
most-pop_relevance,0,0,0,0,0
most-pop_classification_best_10,0,0,0,0,0
most-pop_classification_best_20,0,0,0,0,0
most-pop_classification_best_50,0,0,0,0,0
bprmf_embeddings,0.4927641802641803,0.4256854256854256,0.4867986798679868,0.3782051282051282,0.49363867684478374
bprmf_relevance,0.6576243201243201,0.6497395833333333,0.66005291005291,0.6397435897435897,0.6577608142493638
bprmf_classification_best_10,0.5843337218337219,0.5672630881378398,0.5871056241426612,0.5487179487179488,0.5846055979643766
bprmf_classification_best_20,0.6272824397824397,0.6281725888324872,0.621859296482412,0.6346153846153846,0.6272264631043257
bprmf_classification_best_50,0.6576243201243201,0.6497395833333333,0.66005291005291,0.6397435897435897,0.6577608142493638
neumf_embeddings,0,0,0,0,0
neumf_relevance,0,0,0,0,0
neumf_classification_best_10,0,0,0,0,0
neumf_classification_best_20,0,0,0,0,0
neumf_classification_best_50,0,0,0,0,0
wrmf_embeddings,0,0,0,0,0
wrmf_relevance,0,0,0,0,0
wrmf_classification_best_10,0,0,0,0,0
wrmf_classification_best_20,0,0,0,0,0
wrmf_classification_best_50,0,0,0,0,0
lightgcn_embeddings,0,0,0,0,0
lightgcn_relevance,0,0,0,0,0
lightgcn_classification_best_10,0,0,0,0,0
lightgcn_classification_best_20,0,0,0,0,0
lightgcn_classification_best_50,0,0,0,0,0
multidae_embeddings,0,0,0,0,0
multidae_relevance,0,0,0,0,0
multidae_classification_best_10,0,0,0,0,0
multidae_classification_best_20,0,0,0,0,0
multidae_classification_best_50,0,0,0,0,0
observation,0,0,0,0,0
user-knn_embeddings,0,0,0,0,0
user-knn_relevance,0,0,0,0,0
user-knn_classification_best_10,0,0,0,0,0
user-knn_classification_best_20,0,0,0,0,0
user-knn_classification_best_50,0,0,0,0,0
item-knn_embeddings,0,0,0,0,0
item-knn_relevance,0,0,0,0,0
item-knn_classification_best_10,0,0,0,0,0
item-knn_classification_best_20,0,0,0,0,0
item-knn_classification_best_50,0,0,0,0,0
most-pop_embeddings,0,0,0,0,0
most-pop_relevance,0,0,0,0,0
most-pop_classification_best_10,0,0,0,0,0
most-pop_classification_best_20,0,0,0,0,0
most-pop_classification_best_50,0,0,0,0,0
bprmf_embeddings,0.5,0.0,1.0,0.0,0.5006361323155216
bprmf_relevance,0.6576243201243201,0.6497395833333333,0.66005291005291,0.6397435897435897,0.6577608142493638
bprmf_classification_best_10,0.5843337218337219,0.5672630881378398,0.5871056241426612,0.5487179487179488,0.5846055979643766
bprmf_classification_best_20,0.6272824397824397,0.6281725888324872,0.621859296482412,0.6346153846153846,0.6272264631043257
bprmf_classification_best_50,0.6576243201243201,0.6497395833333333,0.66005291005291,0.6397435897435897,0.6577608142493638
neumf_embeddings,0,0,0,0,0
neumf_relevance,0,0,0,0,0
neumf_classification_best_10,0,0,0,0,0
neumf_classification_best_20,0,0,0,0,0
neumf_classification_best_50,0,0,0,0,0
wrmf_embeddings,0.5,0.0,1.0,0.0,0.5006361323155216
wrmf_relevance,0.6143648018648018,0.5693950177935942,0.64,0.5128205128205128,0.6151399491094147
wrmf_classification_best_10,0.5603341103341104,0.5120226308345119,0.5709779179810726,0.4641025641025641,0.5610687022900763
wrmf_classification_best_20,0.6110431235431235,0.5566860465116279,0.6426174496644296,0.491025641025641,0.6119592875318066
wrmf_classification_best_50,0.6143648018648018,0.5693950177935942,0.64,0.5128205128205128,0.6151399491094147
lightgcn_embeddings,0,0,0,0,0
lightgcn_relevance,0,0,0,0,0
lightgcn_classification_best_10,0,0,0,0,0
lightgcn_classification_best_20,0,0,0,0,0
lightgcn_classification_best_50,0,0,0,0,0
multidae_embeddings,0,0,0,0,0
multidae_relevance,0,0,0,0,0
multidae_classification_best_10,0,0,0,0,0
multidae_classification_best_20,0,0,0,0,0
multidae_classification_best_50,0,0,0,0,0


observation,0,0,0,0,0
user-knn_embeddings,0,0,0,0,0
user-knn_relevance,0,0,0,0,0
user-knn_classification_best_10,0,0,0,0,0
user-knn_classification_best_20,0,0,0,0,0
user-knn_classification_best_50,0,0,0,0,0
item-knn_embeddings,0,0,0,0,0
item-knn_relevance,0,0,0,0,0
item-knn_classification_best_10,0,0,0,0,0
item-knn_classification_best_20,0,0,0,0,0
item-knn_classification_best_50,0,0,0,0,0
most-pop_embeddings,0,0,0,0,0
most-pop_relevance,0,0,0,0,0
most-pop_classification_best_10,0,0,0,0,0
most-pop_classification_best_20,0,0,0,0,0
most-pop_classification_best_50,0,0,0,0,0
bprmf_embeddings,0.5,0.0,1.0,0.0,0.5006361323155216
bprmf_relevance,0.6576243201243201,0.6497395833333333,0.66005291005291,0.6397435897435897,0.6577608142493638
bprmf_classification_best_10,0.5843337218337219,0.5672630881378398,0.5871056241426612,0.5487179487179488,0.5846055979643766
bprmf_classification_best_20,0.6272824397824397,0.6281725888324872,0.621859296482412,0.6346153846153846,0.6272264631043257
bprmf_classification_best_50,0.6576243201243201,0.6497395833333333,0.66005291005291,0.6397435897435897,0.6577608142493638
neumf_embeddings,0,0,0,0,0
neumf_relevance,0,0,0,0,0
neumf_classification_best_10,0,0,0,0,0
neumf_classification_best_20,0,0,0,0,0
neumf_classification_best_50,0,0,0,0,0
wrmf_embeddings,0.49926184926184924,0.4906148867313916,0.4954248366013072,0.4858974358974359,0.4993638676844784
wrmf_relevance,0.5627039627039627,0.5447316103379721,0.5637860082304527,0.5269230769230769,0.5629770992366412
wrmf_classification_best_10,0.5340423465423465,0.5126498002663116,0.5332409972299169,0.4935897435897436,0.5343511450381679
wrmf_classification_best_20,0.5315365190365191,0.5125827814569537,0.5301369863013699,0.49615384615384617,0.5318066157760815
wrmf_classification_best_50,0.5627039627039627,0.5447316103379721,0.5637860082304527,0.5269230769230769,0.5629770992366412
lightgcn_embeddings,0,0,0,0,0
lightgcn_relevance,0,0,0,0,0
lightgcn_classification_best_10,0,0,0,0,0
lightgcn_classification_best_20,0,0,0,0,0
lightgcn_classification_best_50,0,0,0,0,0
multidae_embeddings,0,0,0,0,0
multidae_relevance,0,0,0,0,0
multidae_classification_best_10,0,0,0,0,0
multidae_classification_best_20,0,0,0,0,0
multidae_classification_best_50,0,0,0,0,0
user-knn_relevance,0.6591200466200466,0.631288766368022,0.6825633383010432,0.5871794871794872,0.6596692111959288
user-knn_classification_best_10,0.6088480963480963,0.5759668508287293,0.624251497005988,0.5346153846153846,0.6094147582697201
user-knn_classification_best_20,0.6247086247086246,0.590687977762335,0.644916540212443,0.5448717948717948,0.6253180661577609
user-knn_classification_best_50,0.6591200466200466,0.631288766368022,0.6825633383010432,0.5871794871794872,0.6596692111959288
item-knn_relevance,0.6788947163947163,0.6829880728185813,0.6691266912669127,0.6974358974358974,0.6787531806615776
item-knn_classification_best_10,0.6458430458430457,0.6516572858036273,0.6361416361416361,0.6679487179487179,0.6456743002544529
item-knn_classification_best_20,0.6604215229215229,0.663727959697733,0.6522277227722773,0.6756410256410257,0.6603053435114504
item-knn_classification_best_50,0.6788947163947163,0.6829880728185813,0.6691266912669127,0.6974358974358974,0.6787531806615776
most-pop_relevance,0.6581390831390832,0.6446062210456651,0.6662106703146374,0.6243589743589744,0.6583969465648855
most-pop_classification_best_10,0.5884032634032634,0.5482517482517482,0.6030769230769231,0.5025641025641026,0.589058524173028
most-pop_classification_best_20,0.6128205128205129,0.5891891891891892,0.6228571428571429,0.558974358974359,0.6132315521628499
most-pop_classification_best_50,0.6581390831390832,0.6446062210456651,0.6662106703146374,0.6243589743589744,0.6583969465648855
bprmf_relevance,0.6601010101010101,0.6491458607095926,0.6657681940700808,0.6333333333333333,0.6603053435114504
bprmf_classification_best_10,0.5755050505050505,0.5626229508196722,0.5758389261744966,0.55,0.5756997455470738
bprmf_classification_best_20,0.6214257964257964,0.6158812136862492,0.6202860858257477,0.6115384615384616,0.621501272264631
bprmf_classification_best_50,0.6601010101010101,0.6491458607095926,0.6657681940700808,0.6333333333333333,0.6603053435114504
neumf_relevance,0.6828477078477078,0.6657718120805369,0.6985915492957746,0.6358974358974359,0.683206106870229
neumf_classification_best_10,0.5865967365967366,0.5527222605099931,0.5976154992548435,0.514102564102564,0.5871501272264631
neumf_classification_best_20,0.6192404817404817,0.5991957104557639,0.6278089887640449,0.573076923076923,0.6195928753180662
neumf_classification_best_50,0.6828477078477078,0.6657718120805369,0.6985915492957746,0.6358974358974359,0.683206106870229
wrmf_relevance,0.6143648018648018,0.5693950177935942,0.64,0.5128205128205128,0.6151399491094147
wrmf_classification_best_10,0.5603341103341104,0.5120226308345119,0.5709779179810726,0.4641025641025641,0.5610687022900763
wrmf_classification_best_20,0.6110431235431235,0.5566860465116279,0.6426174496644296,0.491025641025641,0.6119592875318066
wrmf_classification_best_50,0.6143648018648018,0.5693950177935942,0.64,0.5128205128205128,0.6151399491094147
lightgcn_relevance,0.5,0.6632653061224489,0.4961832061068702,1.0,0.4961832061068702
lightgcn_classification_best_10,0.5,0.6632653061224489,0.4961832061068702,1.0,0.4961832061068702
lightgcn_classification_best_20,0.5,0.6632653061224489,0.4961832061068702,1.0,0.4961832061068702
lightgcn_classification_best_50,0.5,0.6632653061224489,0.4961832061068702,1.0,0.4961832061068702
multidae_relevance,0.7245532245532245,0.7229686500319897,0.7215836526181354,0.7243589743589743,0.7245547073791349
multidae_classification_best_10,0.6871309246309246,0.6897856242118536,0.6786600496277916,0.7012820512820512,0.6870229007633588
multidae_classification_best_20,0.6763014763014763,0.6784586228679722,0.6687422166874222,0.6884615384615385,0.676208651399491
multidae_classification_best_50,0.7245532245532245,0.7229686500319897,0.7215836526181354,0.7243589743589743,0.7245547073791349
