user-knn_relevance,0.8736203948391108,0.8702127659574468,0.8511966701352758,0.8900979325353645,0.8736203948391108
user-knn_classification_best_10,0.7259539662979269,0.7319347319347319,0.7016759776536313,0.7649208282582217,0.7259539662979267
user-knn_classification_best_20,0.7963326015754317,0.8013245033112582,0.7538940809968847,0.8551236749116607,0.7963326015754316
user-knn_classification_best_50,0.8695352525602797,0.8662420382165607,0.8455958549222798,0.8879216539717084,0.8695352525602797
item-knn_relevance,0.8645049183678128,0.8603531300160514,0.8463157894736842,0.8748639825897715,0.8645049183678128
item-knn_classification_best_10,0.7048362660696004,0.6998784933171325,0.6981818181818182,0.7015834348355664,0.7048362660696004
item-knn_classification_best_20,0.7760879518213728,0.7732256203115985,0.7579185520361991,0.7891637220259128,0.7760879518213728
item-knn_classification_best_50,0.8663692129415742,0.8617536309844002,0.8521276595744681,0.8715995647442872,0.8663692129415742
most-pop_relevance,0.5083800856379747,0.49219170705438886,0.48720682302771856,0.4972796517954298,0.5083800856379747
most-pop_classification_best_10,0.5207328723013852,0.5115712545676004,0.5115712545676004,0.5115712545676004,0.5207328723013852
most-pop_classification_best_20,0.4764350476816579,0.46592894583576006,0.4608294930875576,0.4711425206124853,0.4764350476816579
most-pop_classification_best_50,0.52535386267704,0.5070422535211268,0.5048543689320388,0.5092491838955386,0.5253538626770401
bprmf_relevance,0.6792842630709878,0.6740623349181194,0.6550308008213552,0.6942328618063112,0.6792842630709879
bprmf_classification_best_10,0.5782157406759549,0.5726392251815982,0.5691937424789411,0.5761266747868453,0.5782157406759549
bprmf_classification_best_20,0.5621524639110308,0.5687044307347167,0.5428265524625268,0.5971731448763251,0.5621524639110308
bprmf_classification_best_50,0.676519345725004,0.6702014846235418,0.6535677352637022,0.6877040261153428,0.676519345725004
user-knn_relevance,0.6968963327146912,0.699835828102366,0.6920168067226891,0.7078335612424301,0.6968963327146913
user-knn_classification_best_10,0.6508347041538525,0.6588549109269315,0.6423927178153446,0.6761830269847477,0.6508347041538525
user-knn_classification_best_20,0.6737490095413199,0.6791964328522798,0.6675777568331762,0.6912267004977066,0.6737490095413199
user-knn_classification_best_50,0.7009928530573138,0.7039947483250633,0.6958928162455149,0.7122875561633132,0.7009928530573137
item-knn_relevance,0.6886725571134363,0.6892738952696126,0.6868671193016489,0.6916975971869506,0.6886725571134363
item-knn_classification_best_10,0.6614061651162826,0.6615984405458089,0.6595413913719393,0.6636683613609698,0.6614061651162826
item-knn_classification_best_20,0.6700825446192998,0.6711702954898912,0.6685061477393746,0.6738557626622426,0.6700825446192998
item-knn_classification_best_50,0.6861357376998041,0.6864991233196962,0.6846318243637071,0.6883766360617308,0.686135737699804
most-pop_relevance,0.5229946817829143,0.5222317730718138,0.5222521783300121,0.5222113694080875,0.5229946817829143
most-pop_classification_best_10,0.529671391115257,0.5335138794854435,0.5278468899521531,0.5393038717246773,0.5296713911152569
most-pop_classification_best_20,0.5151164920546889,0.5152578726723214,0.5147560144151164,0.5157607104518396,0.5151164920546889
most-pop_classification_best_50,0.5222347011620034,0.5216847942824784,0.5214709556527171,0.521898808361008,0.5222347011620035
bprmf_relevance,0.5544384600738071,0.5543851435705369,0.5535860376329425,0.5551865598749756,0.5544384600738071
bprmf_classification_best_10,0.5355899118769107,0.533868441660141,0.5344962759702078,0.5332420805631599,0.5355899118769106
bprmf_classification_best_20,0.5459365446210308,0.5479172735217013,0.5451647183846972,0.5506977651995706,0.5459365446210308
bprmf_classification_best_50,0.554225096072767,0.554509482876245,0.5532908044188579,0.5557335417073647,0.554225096072767

observation,1.0,1.0,1.0,1.0,1.0
observation,1.0,1.0,1.0,1.0,1.0
user-knn_relevance,0.9132600079305948,0.912621359223301,0.9303754266211605,0.8955321944809461,0.9132600079305949
user-knn_classification_best_10,0.735004331674082,0.744201030927835,0.7437218287186091,0.7446808510638298,0.735004331674082
user-knn_classification_best_20,0.7965726156828878,0.7927989130434783,0.8020618556701031,0.783747481531229,0.7965726156828878
user-knn_classification_best_50,0.9222277147617532,0.9218436873747495,0.9375,0.9067017082785808,0.9222277147617531
item-knn_relevance,0.8789241774675086,0.8780977896851976,0.8954918032786885,0.8613666228646518,0.8789241774675085


observation,0.9879783346082227,0.9868549304164185,0.9889568721086405,0.9847619047619047,0.9879783346082227
user-knn_relevance,0.7311309329994382,0.7309876470932616,0.7322308233638283,0.7297486849795441,0.7311309329994381
user-knn_classification_best_10,0.6861826898352676,0.688961917649333,0.6821052631578948,0.6959578207381371,0.6861826898352675
user-knn_classification_best_20,0.6957921657184472,0.6968563237937904,0.6925156929019797,0.7012517113240759,0.6957921657184473
user-knn_classification_best_50,0.7339987270074713,0.7337160262417995,0.7353528237642363,0.7320864991233197,0.7339987270074713
item-knn_relevance,0.716610292750619,0.7139313277681525,0.7215744020376488,0.7064484706799142,0.716610292750619
item-knn_classification_best_10,0.6657856494687133,0.6645786434374082,0.6662087912087912,0.6629564538176137,0.6657856494687132
item-knn_classification_best_20,0.6928804657609071,0.6900590551181102,0.6945710322964137,0.6856053197731273,0.6928804657609072
item-knn_classification_best_50,0.7113040344185042,0.7088283893303958,0.7157840371856502,0.7020066238067407,0.7113040344185042
most-pop_relevance,0.5138218296648346,0.5169754282613752,0.5142449593276534,0.5197350477303722,0.5138218296648346
most-pop_classification_best_10,0.5185310917069341,0.5189515736139529,0.5178918708673668,0.5200156219488381,0.5185310917069341
most-pop_classification_best_20,0.5168662645529836,0.5152641878669275,0.5155668690033287,0.5149618619205946,0.5168662645529835
most-pop_classification_best_50,0.5140558849883092,0.5172079683745446,0.5144762712517831,0.5199688291447496,0.5140558849883092
bprmf_relevance,0.5611470445607873,0.5613693075483469,0.5617416409816238,0.5609974673680109,0.5611470445607873
bprmf_classification_best_10,0.5491478516795935,0.5474302496328928,0.5488810365135454,0.5459871118922085,0.5491478516795933
bprmf_classification_best_20,0.5452993336778269,0.544611027005909,0.5439469320066335,0.5452767455505574,0.5452993336778269
bprmf_classification_best_50,0.5612864757040918,0.5604174402470246,0.5621863237139272,0.5586596532242354,0.561286475704092


observation,1.0,1.0,1.0,1.0,1.0
observation,1.0,1.0,1.0,1.0,1.0
observation,1.0,1.0,1.0,1.0,1.0
observation,1.0,1.0,1.0,1.0,1.0
observation,1.0,1.0,1.0,1.0,1.0
observation,1.0,1.0,1.0,1.0,1.0
user-knn_relevance,0.9155693935939997,0.9151069518716577,0.9312925170068027,0.8994743758212878,0.9155693935939997
user-knn_classification_best_10,0.7301233559327915,0.738441642418364,0.7405966277561609,0.7362991618310767,0.7301233559327917
user-knn_classification_best_20,0.7945969538806309,0.7914691943127963,0.7979522184300342,0.7850906648757555,0.794596953880631
user-knn_classification_best_50,0.9185553692438728,0.9181969949916526,0.93346911065852,0.9034165571616294,0.9185553692438728
observation,1.0,1.0,1.0,1.0,1.0
user-knn_relevance,0.9179276786650995,0.9173083361232006,0.9351535836177475,0.900131406044678,0.9179276786650994
observation,1.0,1.0,1.0,1.0,1.0
user-knn_relevance,0.9195995938681921,0.9189551239115874,0.9371584699453552,0.9014454664914586,0.9195995938681921
user-knn_classification_best_10,0.7305365001942246,0.7381723914452365,0.7420195439739413,0.7343649258542876,0.7305365001942246
user-knn_classification_best_20,0.7996045565117058,0.7967534663510315,0.8024523160762943,0.791134989926125,0.7996045565117058
user-knn_classification_best_50,0.9195115749343414,0.9194407456724368,0.9318488529014844,0.9073587385019711,0.9195115749343413
item-knn_relevance,0.8785174233035018,0.8783738753748751,0.8911426639621366,0.8659658344283837,0.8785174233035018
item-knn_classification_best_10,0.735480882566914,0.7406923579359895,0.7504963600264726,0.7311411992263056,0.7354808825669141
item-knn_classification_best_20,0.8025240468487416,0.7975376196990425,0.8125435540069686,0.7830758898589657,0.8025240468487417
item-knn_classification_best_50,0.8792331328161258,0.8786359077231695,0.8944860449285228,0.8633377135348226,0.8792331328161257
most-pop_relevance,0.5682257872360099,0.5749917952084017,0.5744262295081968,0.5755584756898817,0.5682257872360099
most-pop_classification_best_10,0.5351359504921023,0.5462239583333334,0.5516107823800132,0.5409413281753708,0.5351359504921023
most-pop_classification_best_20,0.5469194121106069,0.5401015228426396,0.5443383356070941,0.5359301544660846,0.5469194121106068
most-pop_classification_best_50,0.5646121210073634,0.5698287220026351,0.5713342140026421,0.5683311432325887,0.5646121210073634
bprmf_relevance,0.671993886684958,0.6828009035172636,0.6708941027266963,0.695137976346912,0.671993886684958
observation,1.0,1.0,1.0,1.0,1.0
user-knn_relevance,0.916613618218319,0.9158565202815958,0.9349760438056126,0.897503285151117,0.916613618218319
user-knn_classification_best_10,0.7308635449245995,0.7413350449293966,0.7380191693290735,0.7446808510638298,0.7308635449245995
user-knn_classification_best_20,0.7999403523478373,0.797160243407708,0.8025867937372362,0.7918065815983881,0.7999403523478373
user-knn_classification_best_50,0.9192417391118801,0.9187562688064191,0.9353301565690946,0.9027595269382391,0.9192417391118801
observation,1.0,1.0,1.0,1.0,1.0
user-knn_relevance,0.9182464138952557,0.9177257525083613,0.9346049046321526,0.9014454664914586,0.9182464138952557
user-knn_classification_best_10,0.7303095711976377,0.7398583386992916,0.7389067524115756,0.7408123791102514,0.7303095711976378
user-knn_classification_best_20,0.7942367122854163,0.7903499830105334,0.7998624484181568,0.781061114842176,0.7942367122854163
user-knn_classification_best_50,0.9201979448023485,0.92,0.9336941813261164,0.9067017082785808,0.9201979448023485
item-knn_relevance,0.8779190723693452,0.8771342484097757,0.89419795221843,0.8607095926412615,0.8779190723693452
item-knn_classification_best_10,0.7370246671819289,0.7432476407419459,0.7503285151116952,0.7362991618310767,0.737024667181929
item-knn_classification_best_20,0.8012053092632981,0.7965870307167234,0.8098542678695351,0.783747481531229,0.8012053092632981
item-knn_classification_best_50,0.8709126763268187,0.8701472556894243,0.8867667121418826,0.8541392904073587,0.8709126763268187
most-pop_relevance,0.5665440921513784,0.5737704918032787,0.5726439790575916,0.5749014454664915,0.5665440921513782
most-pop_classification_best_10,0.5334333155794766,0.5450406504065041,0.5498687664041995,0.5402965828497743,0.5334333155794766
most-pop_classification_best_20,0.5489390762792132,0.5433682078974013,0.5461329715061058,0.5406312961719275,0.5489390762792132
observation,1.0,1.0,1.0,1.0,1.0
user-knn_relevance,0.9182855334214115,0.9175050301810865,0.936986301369863,0.8988173455978975,0.9182855334214116
user-knn_classification_best_10,0.7333697754604322,0.7423411802644309,0.7425806451612903,0.7421018697614442,0.7333697754604322
user-knn_classification_best_20,0.7992638715237574,0.7962085308056872,0.8027303754266212,0.7897918065815984,0.7992638715237576
user-knn_classification_best_50,0.9182561937767947,0.9176706827309237,0.9351978171896317,0.9007884362680684,0.9182561937767947

observation,0.9879418705270304,0.9868202833605231,0.9889826599006811,0.9846673421141506,0.9879418705270305
user-knn_relevance,0.7305850778204277,0.7303780913899788,0.7317922240475632,0.7289694135982856,0.7305850778204277
user-knn_classification_best_10,0.6848185084029034,0.6879103901120124,0.6804202483285577,0.6955672720171842,0.6848185084029034
user-knn_classification_best_20,0.699249861132949,0.6998248004671987,0.6965704320868049,0.703109720320751,0.699249861132949
user-knn_classification_best_50,0.7314429611125548,0.7313103717435848,0.7325254104769351,0.7300993571011105,0.7314429611125548
item-knn_relevance,0.7145817676289892,0.7118951057211482,0.7194874447849099,0.704461328657705,0.7145817676289892
item-knn_classification_best_10,0.6646167423968256,0.6637990028350766,0.6646436961628818,0.6629564538176137,0.6646167423968256
item-knn_classification_best_20,0.688732648371279,0.6855200275902843,0.6907953529937444,0.6803246626246822,0.6887326483712789
item-knn_classification_best_50,0.713155990888414,0.7109416458656813,0.7172999127468866,0.7046951100720826,0.7131559908884139
most-pop_relevance,0.5144266780156337,0.5174920050392481,0.5148476667952179,0.5201636469900643,0.5144266780156336
most-pop_classification_best_10,0.5175565459651992,0.5182588372772422,0.5168997668997669,0.5196250732278852,0.5175565459651992
most-pop_classification_best_20,0.5171104731188351,0.5155799051019908,0.5158069883527454,0.5153530217093683,0.5171104731188351
most-pop_classification_best_50,0.5148556424874553,0.5179744578593437,0.5152683528685996,0.5207091369569452,0.5148556424874552
bprmf_relevance,0.5605844466882164,0.5596622559271348,0.5614950192171935,0.5578414182739139,0.5605844466882164
bprmf_classification_best_10,0.5471024925613708,0.5463957804258645,0.546609341410983,0.546182386252685,0.5471024925613707
bprmf_classification_best_20,0.5454524098497855,0.5458885424785659,0.5438749757328674,0.54791707412478,0.5454524098497855
bprmf_classification_best_50,0.5594689633031429,0.5599501227448077,0.5599937648571762,0.559906487434249,0.5594689633031429
observation,0.7010657829922529,0.6936026936026937,0.64375,0.7518248175182481,0.701065782992253



observation,0.7035511172809099,0.693877551020408,0.6496815286624203,0.7445255474452555,0.7035511172809099
user-knn_relevance,0.5697908736733689,0.560810810810811,0.5220125786163522,0.6058394160583942,0.5697908736733689
observation,0.7077829026913259,0.7003367003367004,0.65,0.7591240875912408,0.7077829026913259
user-knn_relevance,0.5638126371411938,0.5435540069686411,0.52,0.5693430656934306,0.5638126371411939
user-knn_classification_best_10,0.5696341408803904,0.5732899022801303,0.5176470588235295,0.6423357664233577,0.5696341408803905
user-knn_classification_best_20,0.5747615422506829,0.5586206896551725,0.5294117647058824,0.5912408759124088,0.5747615422506829
user-knn_classification_best_50,0.5697908736733689,0.560810810810811,0.5220125786163522,0.6058394160583942,0.5697908736733689
item-knn_relevance,0.6353723523353186,0.6093189964157707,0.5985915492957746,0.6204379562043796,0.6353723523353186
item-knn_classification_best_10,0.6144821100712015,0.5972222222222222,0.5695364238410596,0.6277372262773723,0.6144821100712015
item-knn_classification_best_20,0.6158031436120193,0.5907473309608541,0.5763888888888888,0.6058394160583942,0.6158031436120192
item-knn_classification_best_50,0.6323048676727419,0.6071428571428572,0.5944055944055944,0.6204379562043796,0.632304867672742
most-pop_relevance,0.6198781962294568,0.6101694915254238,0.569620253164557,0.656934306569343,0.6198781962294567
most-pop_classification_best_10,0.592158882271282,0.550185873605948,0.5606060606060606,0.5401459854014599,0.5921588822712821
most-pop_classification_best_20,0.6338945860015226,0.6262626262626263,0.58125,0.6788321167883211,0.6338945860015225
most-pop_classification_best_50,0.6217813801441942,0.606896551724138,0.5751633986928104,0.6423357664233577,0.6217813801441943
bprmf_relevance,0.5716940575881062,0.5567010309278351,0.525974025974026,0.5912408759124088,0.5716940575881062
bprmf_classification_best_10,0.6216246473512157,0.6179401993355481,0.5670731707317073,0.6788321167883211,0.6216246473512158
bprmf_classification_best_20,0.6052796560834715,0.5910652920962199,0.5584415584415584,0.6277372262773723,0.6052796560834713
bprmf_classification_best_50,0.6095114414938874,0.5986394557823129,0.5605095541401274,0.6423357664233577,0.6095114414938875


observation,0.7004836326183332,0.6915254237288134,0.6455696202531646,0.7445255474452555,0.7004836326183332
observation,0,0,0,0,0
observation,0,0,0,0,0
observation,0,0,0,0,0
user-knn_embeddings,0,0,0,0,0
user-knn_relevance,0,0,0,0,0
user-knn_classification_best_10,0,0,0,0,0
user-knn_classification_best_20,0,0,0,0,0
user-knn_classification_best_50,0,0,0,0,0
item-knn_embeddings,0,0,0,0,0
item-knn_relevance,0,0,0,0,0
item-knn_classification_best_10,0,0,0,0,0
item-knn_classification_best_20,0,0,0,0,0
item-knn_classification_best_50,0,0,0,0,0
most-pop_embeddings,0,0,0,0,0
most-pop_relevance,0,0,0,0,0
most-pop_classification_best_10,0,0,0,0,0
most-pop_classification_best_20,0,0,0,0,0
most-pop_classification_best_50,0,0,0,0,0
observation,0,0,0,0,0
user-knn_embeddings,0,0,0,0,0
user-knn_relevance,0,0,0,0,0
user-knn_classification_best_10,0,0,0,0,0
user-knn_classification_best_20,0,0,0,0,0
user-knn_classification_best_50,0,0,0,0,0
item-knn_embeddings,0,0,0,0,0
item-knn_relevance,0,0,0,0,0
item-knn_classification_best_10,0,0,0,0,0
item-knn_classification_best_20,0,0,0,0,0
item-knn_classification_best_50,0,0,0,0,0
most-pop_embeddings,0,0,0,0,0
most-pop_relevance,0,0,0,0,0
most-pop_classification_best_10,0,0,0,0,0
most-pop_classification_best_20,0,0,0,0,0
most-pop_classification_best_50,0,0,0,0,0
bprmf_embeddings,0,0,0,0,0
bprmf_relevance,0,0,0,0,0
bprmf_classification_best_10,0,0,0,0,0
bprmf_classification_best_20,0,0,0,0,0
bprmf_classification_best_50,0,0,0,0,0


observation,0.7022300837400922,0.6976744186046512,0.6402439024390244,0.7664233576642335,0.7022300837400922
observation,0.7108503873539026,0.7027027027027027,0.6540880503144654,0.7591240875912408,0.7108503873539026
observation,0.7004836326183332,0.6915254237288134,0.6455696202531646,0.7445255474452555,0.7004836326183332
observation,0.7359724150284358,0.7241379310344828,0.6862745098039216,0.7664233576642335,0.7359724150284357
observation,0.6960951144149389,0.693069306930693,0.6325301204819277,0.7664233576642335,0.6960951144149388
observation,0.7108503873539026,0.7027027027027027,0.6540880503144654,0.7591240875912408,0.7108503873539026
observation,0.7072007523174062,0.6983050847457627,0.6518987341772152,0.7518248175182481,0.7072007523174063
observation,0.6979982983296762,0.6912751677852348,0.639751552795031,0.7518248175182481,0.6979982983296762
user-knn_embeddings,0.5065827773050915,0.46545454545454545,0.463768115942029,0.46715328467153283,0.5065827773050915
user-knn_relevance,0.5887779320227486,0.5753424657534246,0.5419354838709678,0.6131386861313869,0.5887779320227488
user-knn_classification_best_10,0.591688683892347,0.5894039735099338,0.5393939393939394,0.6496350364963503,0.591688683892347
user-knn_classification_best_20,0.6071828399982088,0.5874125874125874,0.5637583892617449,0.6131386861313869,0.6071828399982089
user-knn_classification_best_50,0.5900989655635664,0.5684210526315789,0.5472972972972973,0.5912408759124088,0.5900989655635663
item-knn_embeddings,0.5029331422685952,0.45985401459854014,0.45985401459854014,0.45985401459854014,0.5029331422685952
item-knn_relevance,0.6382831042049169,0.6228373702422145,0.5921052631578947,0.656934306569343,0.638283104204917
item-knn_classification_best_10,0.603376472168734,0.5945945945945945,0.5534591194968553,0.6423357664233577,0.6033764721687341
item-knn_classification_best_20,0.6273341990954279,0.6083916083916083,0.5838926174496645,0.635036496350365,0.6273341990954279
item-knn_classification_best_50,0.6273341990954279,0.6083916083916083,0.5838926174496645,0.635036496350365,0.6273341990954279
most-pop_embeddings,0,0,0,0,0
most-pop_relevance,0.6089292911199677,0.595890410958904,0.5612903225806452,0.635036496350365,0.6089292911199677
most-pop_classification_best_10,0.6055931216694281,0.5650557620817843,0.5757575757575758,0.5547445255474452,0.6055931216694281
most-pop_classification_best_20,0.6296628005911065,0.6190476190476191,0.5796178343949044,0.6642335766423357,0.6296628005911065
most-pop_classification_best_50,0.6302449509650262,0.6216216216216216,0.5786163522012578,0.6715328467153284,0.6302449509650262
bprmf_embeddings,0.5103891451345663,0.4528301886792453,0.46875,0.43795620437956206,0.5103891451345662
bprmf_relevance,0.6100935918678071,0.6013513513513513,0.559748427672956,0.6496350364963503,0.6100935918678071
bprmf_classification_best_10,0.6027943217948144,0.5918367346938777,0.554140127388535,0.635036496350365,0.6027943217948144
bprmf_classification_best_20,0.6089292911199677,0.595890410958904,0.5612903225806452,0.635036496350365,0.6089292911199677
bprmf_classification_best_50,0.618557162688639,0.6158940397350994,0.5636363636363636,0.6788321167883211,0.6185571626886391
observation,0,0,0,0,0
observation,0,0,0,0,0
observation,0,0,0,0,0
observation,0,0,0,0,0
user-knn_embeddings,0,0,0,0,0
user-knn_relevance,0,0,0,0,0
user-knn_classification_best_10,0,0,0,0,0
user-knn_classification_best_20,0,0,0,0,0
user-knn_classification_best_50,0,0,0,0,0
item-knn_embeddings,0,0,0,0,0
item-knn_relevance,0,0,0,0,0
item-knn_classification_best_10,0,0,0,0,0
item-knn_classification_best_20,0,0,0,0,0
item-knn_classification_best_50,0,0,0,0,0
most-pop_embeddings,0,0,0,0,0
most-pop_relevance,0,0,0,0,0
most-pop_classification_best_10,0,0,0,0,0
most-pop_classification_best_20,0,0,0,0,0
most-pop_classification_best_50,0,0,0,0,0
bprmf_embeddings,0,0,0,0,0
bprmf_relevance,0,0,0,0,0
bprmf_classification_best_10,0,0,0,0,0
bprmf_classification_best_20,0,0,0,0,0
bprmf_classification_best_50,0,0,0,0,0
observation,0.6955129640410191,0.6910299003322259,0.6341463414634146,0.7591240875912408,0.6955129640410191
user-knn_embeddings,0.5023509918946756,0.45588235294117646,0.45925925925925926,0.45255474452554745,0.5023509918946755
user-knn_relevance,0.5827996954905736,0.5583038869257951,0.541095890410959,0.5766423357664233,0.5827996954905735
user-knn_classification_best_10,0.5905243831445076,0.5838926174496644,0.5403726708074534,0.635036496350365,0.5905243831445076
user-knn_classification_best_20,0.5979803860104786,0.5813148788927336,0.5526315789473685,0.6131386861313869,0.5979803860104788
user-knn_classification_best_50,0.582217545116654,0.5551601423487545,0.5416666666666666,0.5693430656934306,0.5822175451166539
item-knn_embeddings,0.48802113653665313,0.4726027397260274,0.44516129032258067,0.5036496350364964,0.48802113653665313
item-knn_relevance,0.6261698983475885,0.6028368794326241,0.5862068965517241,0.6204379562043796,0.6261698983475886
item-knn_classification_best_10,0.6204603466033765,0.6127946127946128,0.56875,0.6642335766423357,0.6204603466033765
item-knn_classification_best_20,0.6522994939769826,0.6391752577319587,0.6038961038961039,0.6788321167883211,0.6522994939769826
item-knn_classification_best_50,0.6321481348797635,0.6185567010309277,0.5844155844155844,0.656934306569343,0.6321481348797635
most-pop_embeddings,0,0,0,0,0
most-pop_relevance,0.6271774663024494,0.6195286195286196,0.575,0.6715328467153284,0.6271774663024495
most-pop_classification_best_10,0.587188213693968,0.5527272727272727,0.5507246376811594,0.5547445255474452,0.587188213693968
most-pop_classification_best_20,0.6321481348797635,0.6185567010309277,0.5844155844155844,0.656934306569343,0.6321481348797635
most-pop_classification_best_50,0.6271774663024494,0.6195286195286196,0.575,0.6715328467153284,0.6271774663024495
bprmf_embeddings,0.5566700998611795,0.5182481751824818,0.5182481751824818,0.5182481751824818,0.5566700998611795
bprmf_relevance,0.6070261072052303,0.5993265993265994,0.55625,0.6496350364963503,0.6070261072052304
bprmf_classification_best_10,0.5978236532175003,0.5933333333333333,0.5460122699386503,0.6496350364963503,0.5978236532175003


observation,0.6304824561403509,0.42,0.75,0.2916666666666667,0.6304824561403509
user-knn_embeddings,0.49780701754385964,0.0,0.0,0.0,0.49780701754385964
user-knn_relevance,0.5555555555555556,0.26666666666666666,0.42424242424242425,0.19444444444444445,0.5555555555555556
user-knn_classification_best_10,0.5405701754385965,0.19780219780219782,0.47368421052631576,0.125,0.5405701754385964



observation,0.7456367678072692,0.7463556851311954,0.7413127413127413,0.7514677103718199,0.7456367678072692
user-knn_embeddings,0.5341059791385632,0.5322896281800391,0.5322896281800391,0.5322896281800391,0.5341059791385633
user-knn_relevance,0.6489578781372902,0.6326530612244897,0.6609808102345416,0.6066536203522505,0.6489578781372903
user-knn_classification_best_10,0.657748940778599,0.6436548223350255,0.6687763713080169,0.6203522504892368,0.6577489407785989
user-knn_classification_best_20,0.6479186061976328,0.6251298026998962,0.665929203539823,0.589041095890411,0.6479186061976328
user-knn_classification_best_50,0.6538274466589402,0.6373850868232891,0.6666666666666666,0.6105675146771037,0.6538274466589402
item-knn_embeddings,0.49611270495696613,0.4965920155793573,0.4941860465116279,0.49902152641878667,0.4961127049569662
item-knn_relevance,0.6508768263256892,0.631687242798354,0.665943600867679,0.6007827788649707,0.6508768263256892
item-knn_classification_best_10,0.6353884445119982,0.626,0.6400817995910021,0.6125244618395304,0.6353884445119982
item-knn_classification_best_20,0.6431250356240381,0.6280487804878049,0.653276955602537,0.6046966731898239,0.6431250356240382
item-knn_classification_best_50,0.6508160279672449,0.6255230125523012,0.6719101123595506,0.5851272015655578,0.6508160279672449
most-pop_embeddings,0,0,0,0,0
most-pop_relevance,0.6190127866547603,0.6279733587059944,0.6111111111111112,0.6457925636007827,0.6190127866547602
most-pop_classification_best_10,0.587511637185796,0.563467492260062,0.5960698689956332,0.5342465753424658,0.5875116371857959
most-pop_classification_best_20,0.6140596203902495,0.6155339805825243,0.6107899807321773,0.6203522504892368,0.6140596203902495
most-pop_classification_best_50,0.636541713373739,0.6437440305635148,0.628731343283582,0.6594911937377691,0.6365417133737389
bprmf_embeddings,0.5242908441472081,0.5139442231075697,0.5233265720081136,0.5048923679060665,0.524290844147208
bprmf_relevance,0.6221154028841221,0.6466302367941713,0.6047700170357752,0.6947162426614482,0.6221154028841221
bprmf_classification_best_10,0.6005585849182072,0.6161048689138577,0.5906642728904847,0.6438356164383562,0.6005585849182071
bprmf_classification_best_20,0.6015066593201983,0.6145146088595664,0.5927272727272728,0.6379647749510763,0.6015066593201984
bprmf_classification_best_50,0.6170938384663613,0.6288951841359773,0.6076642335766423,0.6516634050880626,0.6170938384663613


user-knn_embeddings,0.5067391180438128,0.49500998003992014,0.505091649694501,0.48532289628180036,0.5067391180438128
observation,0.7455835692436305,0.7428571428571429,0.748015873015873,0.7377690802348337,0.7455835692436303
user-knn_embeddings,0.5126783576843426,0.5126705653021443,0.5106796116504855,0.5146771037181996,0.5126783576843426
user-knn_relevance,0.6450819827864648,0.6308316430020284,0.6547368421052632,0.6086105675146771,0.6450819827864648
user-knn_classification_best_10,0.6586970151805901,0.642126789366053,0.6723768736616702,0.6144814090019569,0.6586970151805901
user-knn_classification_best_20,0.6421161628636027,0.6235897435897436,0.6551724137931034,0.5949119373776908,0.6421161628636027
user-knn_classification_best_50,0.6440655102312238,0.6256410256410256,0.6573275862068966,0.5968688845401174,0.6440655102312237
item-knn_embeddings,0.5000189994870139,0.5014577259475219,0.4980694980694981,0.5048923679060665,0.5000189994870138
item-knn_relevance,0.647880607223605,0.621196222455404,0.669683257918552,0.5792563600782779,0.647880607223605
item-knn_classification_best_10,0.6324150247943305,0.6180344478216819,0.6407563025210085,0.5968688845401174,0.6324150247943305
item-knn_classification_best_20,0.6333630991963217,0.6163265306122448,0.6439232409381663,0.5909980430528375,0.6333630991963217
item-knn_classification_best_50,0.6508616267360781,0.6301652892561984,0.6673960612691466,0.5968688845401174,0.6508616267360781
most-pop_embeddings,0,0,0,0,0
most-pop_relevance,0.6365113141945167,0.6410009624639076,0.6306818181818182,0.6516634050880626,0.6365113141945168
most-pop_classification_best_10,0.5933672790834648,0.5705458290422245,0.6021739130434782,0.5420743639921722,0.5933672790834648
most-pop_classification_best_20,0.6189519882963159,0.6222222222222222,0.6145038167938931,0.6301369863013698,0.6189519882963159
most-pop_classification_best_50,0.620901335663937,0.6241545893719808,0.6164122137404581,0.6320939334637965,0.620901335663937
bprmf_embeddings,0.5283035358045333,0.5319148936170213,0.5258126195028681,0.538160469667319,0.5283035358045333
bprmf_relevance,0.6015750574734482,0.6209453197405005,0.5897887323943662,0.6555772994129159,0.6015750574734482
bprmf_classification_best_10,0.6005433853285962,0.6146616541353384,0.5913200723327305,0.639921722113503,0.6005433853285962
bprmf_classification_best_20,0.6181255106112136,0.6350093109869647,0.605683836589698,0.6673189823874756,0.6181255106112136
bprmf_classification_best_50,0.6288507210305322,0.6455813953488373,0.6152482269503546,0.6790606653620352,0.6288507210305322

user-knn_embeddings,0.5191335585681905,0.5168869309838473,0.5086705202312138,0.5253731343283582,0.5191335585681905
user-knn_relevance,0.6264080742419706,0.6070878274268104,0.6273885350318471,0.5880597014925373,0.6264080742419706

observation,0.7077829026913259,0.7003367003367004,0.65,0.7591240875912408,0.7077829026913259
observation,0.712014688101742,0.7066666666666668,0.6503067484662577,0.7737226277372263,0.712014688101742
observation,0.7466152413884826,0.7475728155339806,0.7418111753371869,0.7534246575342466,0.7466152413884825
observation,0,0,0,0,0
user-knn_embeddings,0,0,0,0,0
user-knn_relevance,0,0,0,0,0
user-knn_classification_best_10,0,0,0,0,0
user-knn_classification_best_20,0,0,0,0,0
user-knn_classification_best_50,0,0,0,0,0
item-knn_embeddings,0,0,0,0,0
item-knn_relevance,0,0,0,0,0
item-knn_classification_best_10,0,0,0,0,0
item-knn_classification_best_20,0,0,0,0,0
item-knn_classification_best_50,0,0,0,0,0
most-pop_embeddings,0,0,0,0,0
most-pop_relevance,0,0,0,0,0
most-pop_classification_best_10,0,0,0,0,0
most-pop_classification_best_20,0,0,0,0,0
most-pop_classification_best_50,0,0,0,0,0
bprmf_embeddings,0,0,0,0,0
bprmf_relevance,0,0,0,0,0
bprmf_classification_best_10,0,0,0,0,0
bprmf_classification_best_20,0,0,0,0,0
bprmf_classification_best_50,0,0,0,0,0
observation,0.6402714932126696,0.6206896551724138,0.5625,0.6923076923076923,0.6333333333333333
observation,0.6402714932126696,0.6206896551724138,0.5625,0.6923076923076923,0.6333333333333333
user-knn_embeddings,0.44343891402714936,0.5263157894736842,0.4,0.7692307692307693,0.4
user-knn_relevance,0.5497737556561086,0.6153846153846155,0.46153846153846156,0.9230769230769231,0.5
user-knn_classification_best_10,0.5,0.6046511627906976,0.43333333333333335,1.0,0.43333333333333335
user-knn_classification_best_20,0.5,0.6046511627906976,0.43333333333333335,1.0,0.43333333333333335
user-knn_classification_best_50,0.5497737556561086,0.6153846153846155,0.46153846153846156,0.9230769230769231,0.5
observation,0,0,0,0,0
user-knn_embeddings,0,0,0,0,0
user-knn_relevance,0,0,0,0,0
user-knn_classification_best_10,0,0,0,0,0
user-knn_classification_best_20,0,0,0,0,0
user-knn_classification_best_50,0,0,0,0,0
item-knn_embeddings,0,0,0,0,0
item-knn_relevance,0,0,0,0,0
item-knn_classification_best_10,0,0,0,0,0
item-knn_classification_best_20,0,0,0,0,0
item-knn_classification_best_50,0,0,0,0,0
most-pop_embeddings,0,0,0,0,0
most-pop_relevance,0,0,0,0,0
most-pop_classification_best_10,0,0,0,0,0
most-pop_classification_best_20,0,0,0,0,0
most-pop_classification_best_50,0,0,0,0,0
bprmf_embeddings,0,0,0,0,0
bprmf_relevance,0,0,0,0,0
bprmf_classification_best_10,0,0,0,0,0
bprmf_classification_best_20,0,0,0,0,0
bprmf_classification_best_50,0,0,0,0,0
observation,0,0,0,0,0
user-knn_embeddings,0,0,0,0,0
user-knn_relevance,0,0,0,0,0
user-knn_classification_best_10,0,0,0,0,0
user-knn_classification_best_20,0,0,0,0,0
user-knn_classification_best_50,0,0,0,0,0
item-knn_embeddings,0,0,0,0,0
item-knn_relevance,0,0,0,0,0
item-knn_classification_best_10,0,0,0,0,0
item-knn_classification_best_20,0,0,0,0,0
item-knn_classification_best_50,0,0,0,0,0
most-pop_embeddings,0,0,0,0,0
most-pop_relevance,0,0,0,0,0
most-pop_classification_best_10,0,0,0,0,0
most-pop_classification_best_20,0,0,0,0,0
most-pop_classification_best_50,0,0,0,0,0
bprmf_embeddings,0,0,0,0,0
bprmf_relevance,0,0,0,0,0
bprmf_classification_best_10,0,0,0,0,0
bprmf_classification_best_20,0,0,0,0,0
bprmf_classification_best_50,0,0,0,0,0
observation,0.6402714932126696,0.6206896551724138,0.5625,0.6923076923076923,0.6333333333333333
user-knn_embeddings,0.44343891402714936,0.5263157894736842,0.4,0.7692307692307693,0.4
observation,0.6402714932126696,0.6206896551724138,0.5625,0.6923076923076923,0.6333333333333333
observation,0.5633484162895928,0.5185185185185186,0.5,0.5384615384615384,0.5666666666666667
user-knn_embeddings,0.49547511312217196,0.4444444444444445,0.42857142857142855,0.46153846153846156,0.5
user-knn_relevance,0.6108597285067874,0.5999999999999999,0.5294117647058824,0.6923076923076923,0.6
user-knn_classification_best_10,0.746606334841629,0.7333333333333334,0.6470588235294118,0.8461538461538461,0.7333333333333333
user-knn_classification_best_20,0.6787330316742082,0.6666666666666667,0.5882352941176471,0.7692307692307693,0.6666666666666666
user-knn_classification_best_50,0.6108597285067874,0.5999999999999999,0.5294117647058824,0.6923076923076923,0.6
item-knn_embeddings,0.42760180995475117,0.3703703703703704,0.35714285714285715,0.38461538461538464,0.43333333333333335
item-knn_relevance,0.5248868778280543,0.46153846153846156,0.46153846153846156,0.46153846153846156,0.5333333333333333
item-knn_classification_best_10,0.5226244343891403,0.5454545454545455,0.45,0.6923076923076923,0.5
item-knn_classification_best_20,0.504524886877828,0.4827586206896552,0.4375,0.5384615384615384,0.5
item-knn_classification_best_50,0.5248868778280543,0.46153846153846156,0.46153846153846156,0.46153846153846156,0.5333333333333333
most-pop_embeddings,0,0,0,0,0
most-pop_relevance,0.330316742081448,0.28571428571428575,0.26666666666666666,0.3076923076923077,0.3333333333333333
most-pop_classification_best_10,0.5226244343891403,0.5454545454545455,0.45,0.6923076923076923,0.5
most-pop_classification_best_20,0.43665158371040724,0.41379310344827586,0.375,0.46153846153846156,0.43333333333333335
most-pop_classification_best_50,0.330316742081448,0.28571428571428575,0.26666666666666666,0.3076923076923077,0.3333333333333333
bprmf_embeddings,0.4819004524886878,0.5641025641025641,0.4230769230769231,0.8461538461538461,0.43333333333333335
bprmf_relevance,0.5429864253393666,0.5333333333333333,0.47058823529411764,0.6153846153846154,0.5333333333333333
bprmf_classification_best_10,0.42533936651583715,0.47058823529411764,0.38095238095238093,0.6153846153846154,0.4
bprmf_classification_best_20,0.4751131221719457,0.4666666666666667,0.4117647058823529,0.5384615384615384,0.4666666666666667
bprmf_classification_best_50,0.5429864253393666,0.5333333333333333,0.47058823529411764,0.6153846153846154,0.5333333333333333
observation,0.738673455816693,0.7298387096774193,0.7525987525987526,0.7084148727984344,0.7387914230019493
observation,0.7787300742879942,0.7767944936086529,0.7806324110671937,0.7729941291585127,0.7787524366471735
user-knn_embeddings,0.4893013888625007,0.49126213592233015,0.48747591522157996,0.49510763209393344,0.48927875243664715
user-knn_relevance,0.6112913951323313,0.6274509803921569,0.6,0.6575342465753424,0.6111111111111112
user-knn_classification_best_10,0.6084015731575247,0.6277777777777778,0.5957820738137083,0.6634050880626223,0.6081871345029239
user-knn_classification_best_20,0.6181179108164079,0.6343283582089552,0.6060606060606061,0.6653620352250489,0.6179337231968811
user-knn_classification_best_50,0.6112913951323313,0.6274509803921569,0.6,0.6575342465753424,0.6111111111111112
observation,0.7787300742879942,0.7767944936086529,0.7806324110671937,0.7729941291585127,0.7787524366471735
user-knn_embeddings,0.4893013888625007,0.49126213592233015,0.48747591522157996,0.49510763209393344,0.48927875243664715
user-knn_relevance,0.6112913951323313,0.6274509803921569,0.6,0.6575342465753424,0.6111111111111112
user-knn_classification_best_10,0.6084015731575247,0.6277777777777778,0.5957820738137083,0.6634050880626223,0.6081871345029239
user-knn_classification_best_20,0.6181179108164079,0.6343283582089552,0.6060606060606061,0.6653620352250489,0.6179337231968811
user-knn_classification_best_50,0.6112913951323313,0.6274509803921569,0.6,0.6575342465753424,0.6111111111111112
item-knn_embeddings,0.503932893811867,0.5072604065827686,0.5019157088122606,0.512720156555773,0.5038986354775828
item-knn_relevance,0.6063686280470427,0.6181474480151229,0.5978062157221207,0.639921722113503,0.6062378167641326
item-knn_classification_best_10,0.6287671232876713,0.6381766381766382,0.6199261992619927,0.6575342465753424,0.6286549707602339
item-knn_classification_best_20,0.6316645450572834,0.638623326959847,0.6242990654205608,0.6536203522504892,0.631578947368421
item-knn_classification_best_50,0.6063686280470427,0.6181474480151229,0.5978062157221207,0.639921722113503,0.6062378167641326
most-pop_embeddings,0,0,0,0,0
most-pop_relevance,0.6317937415689776,0.65,0.616871704745167,0.6868884540117417,0.631578947368421
most-pop_classification_best_10,0.6261280945414474,0.6595744680851064,0.6029173419773096,0.7279843444227005,0.6257309941520468
most-pop_classification_best_20,0.633819086884654,0.6581818181818181,0.6146010186757216,0.7084148727984344,0.6335282651072125
most-pop_classification_best_50,0.6317937415689776,0.65,0.616871704745167,0.6868884540117417,0.631578947368421
bprmf_embeddings,0.5,0.6649316851008459,0.4980506822612086,1.0,0.4980506822612086
bprmf_relevance,0.6628845021184429,0.6717267552182163,0.6519337016574586,0.6927592954990215,0.6627680311890838
bprmf_classification_best_10,0.6026143294131059,0.6277372262773723,0.588034188034188,0.6731898238747553,0.6023391812865497
bprmf_classification_best_20,0.624034351072521,0.6458715596330276,0.6079447322970639,0.6888454011741683,0.6237816764132553
bprmf_classification_best_50,0.6628845021184429,0.6717267552182163,0.6519337016574586,0.6927592954990215,0.6627680311890838
observation,0.738673455816693,0.7298387096774193,0.7525987525987526,0.7084148727984344,0.7387914230019493
observation,0.5633484162895928,0.5185185185185186,0.5,0.5384615384615384,0.5666666666666667
user-knn_embeddings,0.49547511312217196,0.4444444444444445,0.42857142857142855,0.46153846153846156,0.5
user-knn_relevance,0.6108597285067874,0.5999999999999999,0.5294117647058824,0.6923076923076923,0.6
observation,0.6402714932126696,0.6206896551724138,0.5625,0.6923076923076923,0.6333333333333333
observation,0.6402714932126696,0.6206896551724138,0.5625,0.6923076923076923,0.6333333333333333
user-knn_embeddings,0.36651583710407243,0.4444444444444444,0.34782608695652173,0.6153846153846154,0.3333333333333333
user-knn_relevance,0.5497737556561086,0.6153846153846155,0.46153846153846156,0.9230769230769231,0.5
user-knn_classification_best_10,0.5,0.6046511627906976,0.43333333333333335,1.0,0.43333333333333335
user-knn_classification_best_20,0.5,0.6046511627906976,0.43333333333333335,1.0,0.43333333333333335
user-knn_classification_best_50,0.5497737556561086,0.6153846153846155,0.46153846153846156,0.9230769230769231,0.5
item-knn_embeddings,0.5,0.6046511627906976,0.43333333333333335,1.0,0.43333333333333335
item-knn_relevance,0.5,0.6046511627906976,0.43333333333333335,1.0,0.43333333333333335
item-knn_classification_best_10,0.5,0.6046511627906976,0.43333333333333335,1.0,0.43333333333333335
item-knn_classification_best_20,0.5,0.6046511627906976,0.43333333333333335,1.0,0.43333333333333335
item-knn_classification_best_50,0.5,0.6046511627906976,0.43333333333333335,1.0,0.43333333333333335
most-pop_embeddings,0,0,0,0,0



observation,0.7466152413884826,0.7475728155339806,0.7418111753371869,0.7534246575342466,0.746588693957115


observation,0.6953337259893982,0.7227635075287866,0.6601941747572816,0.7984344422700587,0.6949317738791423
observation,0.7407899986700359,0.7432432432432433,0.7333333333333333,0.7534246575342466,0.7407407407407407
observation,0.7447038929948891,0.7480769230769232,0.7353497164461248,0.761252446183953,0.7446393762183235
observation,0.7524024851329014,0.749506903353057,0.7554671968190855,0.7436399217221135,0.7524366471734892
observation,0.7514392111412992,0.7492625368731564,0.7529644268774703,0.7455968688845401,0.7514619883040936
observation,0.7330458077631904,0.7390476190476191,0.7198515769944341,0.7592954990215264,0.732943469785575
observation,0.7465772424144548,0.7450980392156862,0.7465618860510805,0.7436399217221135,0.746588693957115
observation,0.7553075066973192,0.7512388503468782,0.7610441767068273,0.7416829745596869,0.7553606237816765
observation,0.7553075066973192,0.7512388503468782,0.7610441767068273,0.7416829745596869,0.7553606237816765


observation,0.7533429597400869,0.7482587064676617,0.7611336032388664,0.735812133072407,0.753411306042885
user-knn_embeddings,0.5137024300343891,0.519730510105871,0.5113636363636364,0.5283757338551859,0.51364522417154
user-knn_relevance,0.6362377215815174,0.6142709410548086,0.6513157894736842,0.5812133072407045,0.6364522417153996
user-knn_classification_best_10,0.6498451541808371,0.6248693834900731,0.6704035874439462,0.5851272015655578,0.6500974658869396
user-knn_classification_best_20,0.6517793019588471,0.6253934942287512,0.6742081447963801,0.5831702544031311,0.652046783625731
user-knn_classification_best_50,0.641076890923945,0.615866388308977,0.6599552572706935,0.5772994129158513,0.6413255360623782
item-knn_embeddings,0.5127619554272035,0.5229007633587786,0.5102420856610801,0.5362035225048923,0.5126705653021443
item-knn_relevance,0.655731195257728,0.6349534643226473,0.6732456140350878,0.6007827788649707,0.6559454191033138
item-knn_classification_best_10,0.6246404347082628,0.6122860020140987,0.6307053941908713,0.5949119373776908,0.6247563352826511
item-knn_classification_best_20,0.6479566051716603,0.6289825282631039,0.6623376623376623,0.598825831702544,0.6481481481481481
item-knn_classification_best_50,0.6576881424201546,0.6377708978328173,0.6746724890829694,0.6046966731898239,0.6578947368421053
most-pop_embeddings,0,0,0,0,0
most-pop_relevance,0.6277734501168468,0.6354961832061069,0.6201117318435754,0.6516634050880626,0.6276803118908382
most-pop_classification_best_10,0.584659814185017,0.5688259109311742,0.589098532494759,0.5499021526418787,0.5847953216374269
most-pop_classification_best_20,0.6072103053217563,0.606060606060606,0.60546875,0.6066536203522505,0.6072124756335283
most-pop_classification_best_50,0.6297303972792735,0.638095238095238,0.62152133580705,0.6555772994129159,0.6296296296296297
bprmf_embeddings,0.5292516102065243,0.5296981499513145,0.5271317829457365,0.5322896281800391,0.5292397660818714
bprmf_relevance,0.6347367621074231,0.6543778801843317,0.6184668989547039,0.6947162426614482,0.6345029239766082
bprmf_classification_best_10,0.5995801113369938,0.6148078725398314,0.5899280575539568,0.6418786692759295,0.5994152046783626
bprmf_classification_best_20,0.6112685957479148,0.6253521126760564,0.6010830324909747,0.6516634050880626,0.6111111111111112
bprmf_classification_best_50,0.6317861417741721,0.6493506493506493,0.6172839506172839,0.684931506849315,0.631578947368421


observation,0.756278380483727,0.751984126984127,0.7625754527162978,0.7416829745596869,0.7563352826510721
user-knn_embeddings,0.5127011570687592,0.5155038759689923,0.510556621880998,0.5205479452054794,0.5126705653021443
user-knn_relevance,0.6469857313852525,0.6283367556468172,0.6609071274298056,0.598825831702544,0.6471734892787524
user-knn_classification_best_10,0.6508692265308836,0.6309278350515464,0.6666666666666666,0.598825831702544,0.6510721247563352
user-knn_classification_best_20,0.644027511257196,0.6217616580310881,0.6607929515418502,0.5870841487279843,0.6442495126705653
user-knn_classification_best_50,0.646962932000836,0.6260330578512396,0.6630196936542669,0.5929549902152642,0.6471734892787524
item-knn_embeddings,0.52252389185492,0.5342205323193916,0.5194085027726433,0.5499021526418787,0.5224171539961013
item-knn_relevance,0.6605855641897669,0.6382536382536382,0.6807095343680709,0.6007827788649707,0.6608187134502924
item-knn_classification_best_10,0.6255961089050596,0.611336032388664,0.6331236897274634,0.5909980430528375,0.6257309941520468
item-knn_classification_best_20,0.6479642049664659,0.6297435897435897,0.6616379310344828,0.6007827788649707,0.6481481481481481
item-knn_classification_best_50,0.6674196796686489,0.6466321243523316,0.6872246696035242,0.6105675146771037,0.6676413255360624
most-pop_embeddings,0,0,0,0,0
most-pop_relevance,0.6316569452624778,0.6379310344827587,0.624765478424015,0.6516634050880626,0.631578947368421
most-pop_classification_best_10,0.5972887732031236,0.5772773797338793,0.6051502145922747,0.5518590998043053,0.5974658869395711
most-pop_classification_best_20,0.6150532935610739,0.6183574879227053,0.6106870229007634,0.6262230919765166,0.615009746588694
most-pop_classification_best_50,0.6297303972792735,0.638095238095238,0.62152133580705,0.6555772994129159,0.6296296296296297
bprmf_embeddings,0.5263845876161344,0.5335892514395394,0.5235404896421846,0.5440313111545988,0.5263157894736842
bprmf_relevance,0.6249672258849011,0.6431881371640408,0.6109154929577465,0.6790606653620352,0.6247563352826511
bprmf_classification_best_10,0.6044724792430605,0.621268656716418,0.5935828877005348,0.6516634050880626,0.6042884990253411
bprmf_classification_best_20,0.613233142705147,0.6286248830682882,0.6021505376344086,0.6575342465753424,0.6130604288499025
bprmf_classification_best_50,0.6435202249539262,0.6636029411764707,0.6256499133448874,0.7064579256360078,0.6432748538011696
neumf_embeddings,0,0,0,0,0
neumf_relevance,0.6346987631333953,0.6511627906976744,0.6205673758865248,0.684931506849315,0.6345029239766082
neumf_classification_best_10,0.6043660821157829,0.611111111111111,0.5984990619136961,0.62426614481409,0.6042884990253411
neumf_classification_best_20,0.6239051545608268,0.6344696969696969,0.6146788990825688,0.6555772994129159,0.6237816764132553
neumf_classification_best_50,0.6385822582790264,0.65359477124183,0.625,0.684931506849315,0.6384015594541911
wrmf_embeddings,0,0,0,0,0
wrmf_relevance,0.6441795071533069,0.63681592039801,0.6477732793522267,0.6262230919765166,0.6442495126705653
wrmf_classification_best_10,0.6043052837573386,0.6050583657587548,0.6015473887814313,0.6086105675146771,0.6042884990253411
wrmf_classification_best_20,0.6354036441016093,0.6274900398406376,0.6389452332657201,0.6164383561643836,0.6354775828460039
wrmf_classification_best_50,0.6481162008625767,0.6443349753694583,0.6488095238095238,0.639921722113503,0.6481481481481481
lightgcn_embeddings,0,0,0,0,0
lightgcn_relevance,0.48431782341876767,0.47152847152847155,0.4816326530612245,0.461839530332681,0.4844054580896686
lightgcn_classification_best_10,0.48431782341876767,0.47152847152847155,0.4816326530612245,0.461839530332681,0.4844054580896686
lightgcn_classification_best_20,0.48431782341876767,0.47152847152847155,0.4816326530612245,0.461839530332681,0.4844054580896686
lightgcn_classification_best_50,0.48431782341876767,0.47152847152847155,0.4816326530612245,0.461839530332681,0.4844054580896686
multidae_embeddings,0,0,0,0,0
multidae_relevance,0.7046092755495601,0.6985074626865672,0.7105263157894737,0.6868884540117417,0.7046783625730995
multidae_classification_best_10,0.6589174092299508,0.6621621621621622,0.6533333333333333,0.6712328767123288,0.6588693957115009
multidae_classification_best_20,0.6881348203598503,0.6893203883495146,0.6840077071290944,0.6947162426614482,0.6881091617933723
multidae_classification_best_50,0.7017498527539756,0.700587084148728,0.700587084148728,0.700587084148728,0.7017543859649122

observation,0.6167765470332301,0.6801948051948051,0.5811373092926491,0.8199608610567515,0.6159844054580896
user-knn_embeddings,0.5040810898105751,0.09302325581395347,0.5416666666666666,0.050880626223091974,0.5058479532163743
user-knn_relevance,0.6265384834609465,0.6893203883495146,0.5875862068965517,0.8336594911937377,0.6257309941520468
user-knn_classification_best_10,0.6117701822050805,0.6666666666666666,0.5816326530612245,0.7808219178082192,0.6111111111111112
user-knn_classification_best_20,0.6098740334010981,0.6688687035507845,0.5785714285714286,0.7925636007827789,0.6091617933723197
user-knn_classification_best_50,0.6265384834609465,0.6893203883495146,0.5875862068965517,0.8336594911937377,0.6257309941520468
item-knn_embeddings,0.49821024832329525,0.07233273056057866,0.47619047619047616,0.03913894324853229,0.5
item-knn_relevance,0.6208158379723747,0.4867724867724867,0.7510204081632653,0.36007827788649704,0.621832358674464
item-knn_classification_best_10,0.6072312047574715,0.4792746113989637,0.7088122605363985,0.36203522504892366,0.6081871345029239
item-knn_classification_best_20,0.6315790473657211,0.5084745762711864,0.76171875,0.3816046966731898,0.6325536062378168
item-knn_classification_best_50,0.6208158379723747,0.4867724867724867,0.7510204081632653,0.36007827788649704,0.621832358674464
most-pop_embeddings,0,0,0,0,0
most-pop_relevance,0.5066973191723824,0.6622340425531916,0.5015105740181269,0.974559686888454,0.5048732943469786
most-pop_classification_best_10,0.5184010031729144,0.6706507304116865,0.507537688442211,0.9882583170254403,0.5165692007797271
most-pop_classification_best_20,0.5145023084376722,0.6679946879150066,0.5055276381909548,0.9843444227005871,0.5126705653021443
most-pop_classification_best_50,0.5066973191723824,0.6622340425531916,0.5015105740181269,0.974559686888454,0.5048732943469786
bprmf_embeddings,0.4991279235460643,0.048327137546468404,0.48148148148148145,0.025440313111545987,0.5009746588693957
bprmf_relevance,0.5402447133927384,0.6509225092250922,0.5225118483412322,0.863013698630137,0.5389863547758285
bprmf_classification_best_10,0.5383333649991451,0.652014652014652,0.5210772833723654,0.8708414872798435,0.5370370370370371
bprmf_classification_best_20,0.5413143845116182,0.6579710144927536,0.522439585730725,0.8884540117416829,0.5399610136452242
bprmf_classification_best_50,0.5402447133927384,0.6509225092250922,0.5225118483412322,0.863013698630137,0.5389863547758285
neumf_embeddings,0,0,0,0,0
neumf_relevance,0.5259020006459826,0.6582633053221287,0.5125408942202835,0.9197651663405088,0.5243664717348928
neumf_classification_best_10,0.5297778959968081,0.659634317862166,0.5148188803512623,0.9178082191780822,0.5282651072124757
neumf_classification_best_20,0.5298082951760302,0.6615384615384615,0.514689880304679,0.9256360078277887,0.5282651072124757
neumf_classification_best_50,0.5259020006459826,0.6582633053221287,0.5125408942202835,0.9197651663405088,0.5243664717348928
wrmf_embeddings,0,0,0,0,0
wrmf_relevance,0.5355271407671993,0.6575931232091691,0.5186440677966102,0.898238747553816,0.5341130604288499
wrmf_classification_best_10,0.531780441928068,0.6643454038997214,0.5156756756756756,0.9334637964774951,0.530214424951267
wrmf_classification_best_20,0.5404803070317101,0.6661961891319689,0.5209713024282561,0.923679060665362,0.5389863547758285
wrmf_classification_best_50,0.5355271407671993,0.6575931232091691,0.5186440677966102,0.898238747553816,0.5341130604288499
lightgcn_embeddings,0,0,0,0,0
lightgcn_relevance,0.5084300723880455,0.46038543897216266,0.508274231678487,0.4207436399217221,0.5087719298245614
lightgcn_classification_best_10,0.5084300723880455,0.46038543897216266,0.508274231678487,0.4207436399217221,0.5087719298245614
lightgcn_classification_best_20,0.5084300723880455,0.46038543897216266,0.508274231678487,0.4207436399217221,0.5087719298245614
lightgcn_classification_best_50,0.5084300723880455,0.46038543897216266,0.508274231678487,0.4207436399217221,0.5087719298245614
multidae_embeddings,0,0,0,0,0
multidae_relevance,0.6691505329356107,0.7079037800687286,0.6309341500765697,0.8062622309197651,0.6686159844054581
multidae_classification_best_10,0.6400091197537666,0.6890756302521008,0.6038291605301914,0.8023483365949119,0.6393762183235867
multidae_classification_best_20,0.6652366386107575,0.7034482758620689,0.6286594761171033,0.7984344422700587,0.6647173489278753
multidae_classification_best_50,0.6691505329356107,0.7079037800687286,0.6309341500765697,0.8062622309197651,0.6686159844054581
observation,0.6392366115770372,0.5179941002949853,0.37266553480475384,0.8491295938104448,0.5491169977924945
user-knn_embeddings,0.5010007244049797,0.06540447504302926,0.296875,0.0367504835589942,0.7003311258278145
user-knn_relevance,0.5820676161101693,0.47380156075808255,0.3328112764291308,0.8220502901353965,0.47902869757174393
user-knn_classification_best_10,0.5695062843999014,0.4639289678135405,0.32529182879377433,0.8085106382978723,0.46688741721854304
user-knn_classification_best_20,0.5716242354540227,0.4647256438969765,0.32702915681639083,0.8027079303675049,0.47240618101545256
user-knn_classification_best_50,0.5820676161101693,0.47380156075808255,0.3328112764291308,0.8220502901353965,0.47902869757174393
item-knn_embeddings,0.5017766592234677,0.07167235494880546,0.30434782608695654,0.04061895551257253,0.6997792494481236
item-knn_relevance,0.6017437996161401,0.4862973760932944,0.34808013355592654,0.8065764023210832,0.5137969094922737
item-knn_classification_best_10,0.557593183125098,0.4623323013415892,0.31527093596059114,0.8665377176015474,0.4249448123620309
item-knn_classification_best_20,0.5579531451871877,0.4597457627118644,0.31655725747629465,0.839458413926499,0.4370860927152318
item-knn_classification_best_50,0.6017437996161401,0.4862973760932944,0.34808013355592654,0.8065764023210832,0.5137969094922737
most-pop_embeddings,0,0,0,0,0
most-pop_relevance,0.5169809488958426,0.45178335535006603,0.29247434435575825,0.9922630560928434,0.3129139072847682
most-pop_classification_best_10,0.5202609351545522,0.45329791943337766,0.2939150401836969,0.9903288201160542,0.3184326710816777
most-pop_classification_best_20,0.5225775374711545,0.45450510430537067,0.29493087557603687,0.9903288201160542,0.3217439293598234
observation,0,0,0,0,0
user-knn_embeddings,0,0,0,0,0
user-knn_relevance,0,0,0,0,0
user-knn_classification_best_10,0,0,0,0,0
user-knn_classification_best_20,0,0,0,0,0
user-knn_classification_best_50,0,0,0,0,0
observation,0.6167765470332301,0.6801948051948051,0.5811373092926491,0.8199608610567515,0.6159844054580896
observation,0.6167765470332301,0.6801948051948051,0.5811373092926491,0.8199608610567515,0.6159844054580896
user-knn_embeddings,0.5040810898105751,0.09302325581395347,0.5416666666666666,0.050880626223091974,0.5058479532163743
observation,0.6167765470332301,0.6801948051948051,0.5811373092926491,0.8199608610567515,0.6159844054580896
user-knn_embeddings,0.5040810898105751,0.09302325581395347,0.5416666666666666,0.050880626223091974,0.5058479532163743
user-knn_relevance,0.6265384834609465,0.6893203883495146,0.5875862068965517,0.8336594911937377,0.6257309941520468
user-knn_classification_best_10,0.6117701822050805,0.6666666666666666,0.5816326530612245,0.7808219178082192,0.6111111111111112
observation,0.7543442327057169,0.7509881422924902,0.7584830339321357,0.7436399217221135,0.7543859649122807

observation,0.7484809910132426,0.7440476190476191,0.7545271629778671,0.7338551859099804,0.7485380116959064
user-knn_embeddings,0.5322478293086087,0.5411089866156789,0.5289719626168224,0.5538160469667319,0.5321637426900585
user-knn_relevance,0.6567020690441359,0.6356107660455487,0.6747252747252748,0.6007827788649707,0.6569200779727096
user-knn_classification_best_10,0.6499059525392814,0.63103802672148,0.6645021645021645,0.6007827788649707,0.6500974658869396
user-knn_classification_best_20,0.6430262382915661,0.6179540709812108,0.6621923937360179,0.5792563600782779,0.6432748538011696
user-knn_classification_best_50,0.638225067923166,0.6202661207778914,0.6502145922746781,0.5929549902152642,0.6384015594541911
item-knn_embeddings,0.5027644253605152,0.4806517311608961,0.5010615711252654,0.461839530332681,0.5029239766081871
item-knn_relevance,0.6566944692493302,0.6348547717842323,0.6754966887417219,0.598825831702544,0.6569200779727096
item-knn_classification_best_10,0.6324378241787472,0.6203423967774421,0.6390041493775933,0.6027397260273972,0.6325536062378168
item-knn_classification_best_20,0.6547679212661258,0.6350515463917527,0.6710239651416122,0.6027397260273972,0.6549707602339181
item-knn_classification_best_50,0.6527881747192825,0.6299376299376299,0.6718403547671841,0.5929549902152642,0.6530214424951267
most-pop_embeddings,0,0,0,0,0
most-pop_relevance,0.6248304295784014,0.6308724832214765,0.618421052631579,0.6438356164383562,0.6247563352826511
most-pop_classification_best_10,0.5924344042710847,0.5743380855397149,0.5987261146496815,0.5518590998043053,0.5925925925925926
most-pop_classification_best_20,0.6072407045009784,0.609117361784675,0.6038461538461538,0.6144814090019569,0.6072124756335283
most-pop_classification_best_50,0.6267797769460224,0.6327900287631831,0.6203007518796992,0.6457925636007827,0.6267056530214425
bprmf_embeddings,0.5037428989417285,0.48219735503560524,0.5021186440677966,0.4637964774951076,0.5038986354775828
bprmf_relevance,0.6220394049360667,0.640074211502783,0.6084656084656085,0.675146771037182,0.621832358674464
bprmf_classification_best_10,0.606429426405487,0.6238361266294227,0.5950266429840142,0.6555772994129159,0.6062378167641326
bprmf_classification_best_20,0.6073927003970893,0.6237161531279178,0.5964285714285714,0.6536203522504892,0.6072124756335283
bprmf_classification_best_50,0.6230330781068911,0.6426592797783933,0.6083916083916084,0.6810176125244618,0.6228070175438597
neumf_embeddings,0,0,0,0,0
neumf_relevance,0.6395835312446564,0.6567717996289425,0.6243386243386243,0.6927592954990215,0.6393762183235867
neumf_classification_best_10,0.6004597875857351,0.6065259117082533,0.5951035781544256,0.6183953033268101,0.6003898635477583
neumf_classification_best_20,0.6131571447570916,0.6215443279313632,0.6059479553903345,0.6379647749510763,0.6130604288499025
neumf_classification_best_50,0.6327342161761633,0.6479925303454716,0.6196428571428572,0.6790606653620352,0.6325536062378168
wrmf_embeddings,0.5143997112077974,0.48447204968944096,0.5142857142857142,0.45792563600782776,0.5146198830409356
wrmf_relevance,0.6442023065377235,0.638971315529179,0.646,0.6320939334637965,0.6442495126705653
wrmf_classification_best_10,0.6062774305093763,0.609284332688588,0.6022944550669216,0.6164383561643836,0.6062378167641326
wrmf_classification_best_20,0.6285695286227272,0.6193806193806194,0.6326530612244898,0.6066536203522505,0.6286549707602339
wrmf_classification_best_50,0.6509984230425778,0.6434262948207171,0.6551724137931034,0.6320939334637965,0.6510721247563352
lightgcn_embeddings,0,0,0,0,0
lightgcn_relevance,0.48431022362396214,0.47047047047047047,0.48155737704918034,0.4598825831702544,0.4844054580896686
lightgcn_classification_best_10,0.48431022362396214,0.47047047047047047,0.48155737704918034,0.4598825831702544,0.4844054580896686
lightgcn_classification_best_20,0.48237607584595216,0.47058823529411764,0.4796747967479675,0.461839530332681,0.4824561403508772
lightgcn_classification_best_50,0.48431782341876767,0.47152847152847155,0.4816326530612245,0.461839530332681,0.4844054580896686
multidae_embeddings,0,0,0,0,0
multidae_relevance,0.7007409799935402,0.696939782823297,0.703187250996016,0.6908023483365949,0.7007797270955166
multidae_classification_best_10,0.6559971880759219,0.6595949855351977,0.6501901140684411,0.6692759295499021,0.6559454191033138
multidae_classification_best_20,0.7008017783519844,0.7016520894071915,0.696911196911197,0.7064579256360078,0.7007797270955166
multidae_classification_best_50,0.6997625064123268,0.6956521739130435,0.7025948103792415,0.6888454011741683,0.6998050682261209
observation,0.7455835692436305,0.7428571428571429,0.748015873015873,0.7377690802348337,0.7456140350877193
user-knn_embeddings,0.48525069823114775,0.4666666666666666,0.4822546972860125,0.4520547945205479,0.4853801169590643
user-knn_relevance,0.6421389622480194,0.6258919469928644,0.6531914893617021,0.6007827788649707,0.6423001949317739
user-knn_classification_best_10,0.6430718370603994,0.622680412371134,0.6579520697167756,0.5909980430528375,0.6432748538011696
user-knn_classification_best_20,0.6400908175479263,0.6136125654450261,0.6599099099099099,0.5733855185909981,0.6403508771929824
observation,0.6811411091900519,0.6680203045685279,0.6940928270042194,0.6438356164383562,0.6812865497076024
observation,0.7317785419793665,0.7173689619732785,0.7554112554112554,0.6829745596868885,0.7319688109161794
observation,0.7445138981247506,0.7353535353535354,0.7599164926931107,0.7123287671232876,0.7446393762183235
observation,0.7474417190735849,0.7386478304742684,0.7625,0.7162426614481409,0.7475633528265108
user-knn_embeddings,0.71048011703684,0.7062314540059347,0.714,0.6986301369863014,0.7105263157894737
item-knn_embeddings,0.6997625064123268,0.6956521739130435,0.7025948103792415,0.6888454011741683,0.6998050682261209
most-pop_embeddings,0,0,0,0,0
bprmf_embeddings,0.5,0.6649316851008459,0.4980506822612086,1.0,0.4980506822612086
neumf_embeddings,0,0,0,0,0
wrmf_embeddings,0.6476849125073623,0.6873920552677029,0.615146831530139,0.7788649706457925,0.6471734892787524
lightgcn_embeddings,0,0,0,0,0
multidae_embeddings,0,0,0,0,0
user-knn_embeddings,0.7124294644044611,0.7082096933728981,0.716,0.700587084148728,0.7124756335282652
item-knn_embeddings,0.7056257481048012,0.7027559055118111,0.7069306930693069,0.6986301369863014,0.7056530214424951
most-pop_embeddings,0,0,0,0,0
bprmf_embeddings,0.5,0.6649316851008459,0.4980506822612086,1.0,0.4980506822612086
neumf_embeddings,0,0,0,0,0
wrmf_embeddings,0.5,0.6649316851008459,0.4980506822612086,1.0,0.4980506822612086
lightgcn_embeddings,0,0,0,0,0
multidae_embeddings,0,0,0,0,0
user-knn_embeddings,0.6939144643094637,0.6897233201581027,0.6966067864271457,0.6829745596868885,0.6939571150097466
item-knn_embeddings,0.7279786445765963,0.7207207207207207,0.7377049180327869,0.7045009784735812,0.7280701754385965
most-pop_embeddings,0,0,0,0,0
bprmf_embeddings,0.48431022362396214,0.47047047047047047,0.48155737704918034,0.4598825831702544,0.4844054580896686
neumf_embeddings,0,0,0,0,0
wrmf_embeddings,0.48431782341876767,0.47152847152847155,0.4816326530612245,0.461839530332681,0.4844054580896686
lightgcn_embeddings,0,0,0,0,0
multidae_embeddings,0,0,0,0,0
observation,0.5484182927060969,0.5079702444208288,0.5558139534883721,0.46771037181996084,0.5487329434697856
observation,0.6217886117074839,0.616600790513834,0.6227544910179641,0.6105675146771037,0.621832358674464
observation,0.6898789732677217,0.6741803278688525,0.7075268817204301,0.6438356164383562,0.6900584795321637

observation,0.7259760986453365,0.7147208121827412,0.7426160337552743,0.6888454011741683,0.7261208576998051   <-- obfuscated and time split fixed #20
observation,0.9287994224155948,0.9276511397423192,0.9397590361445783,0.9158512720156555,0.928849902534113    <-- obfuscated pred
observation,0.9395246328349134,0.9386138613861386,0.9498997995991983,0.9275929549902152,0.9395711500974658   <-- obfuscated avg

user-knn_relevance,0.6704234985655387,0.6572008113590264,0.6821052631578948,0.6340508806262231,0.6705653021442495
user-knn_classification_best_10,0.6462808504170388,0.6526315789473683,0.6385767790262172,0.6673189823874756,0.6461988304093568
user-knn_classification_best_20,0.6480174035301047,0.6349848331648129,0.6569037656903766,0.6144814090019569,0.6481481481481481
user-knn_classification_best_50,0.6675260767959266,0.6565961732124874,0.6763485477178424,0.6379647749510763,0.6676413255360624
item-knn_relevance,0,0,0,0,0
item-knn_classification_best_10,0,0,0,0,0
item-knn_classification_best_20,0,0,0,0,0
item-knn_classification_best_50,0,0,0,0,0
most-pop_relevance,0,0,0,0,0
most-pop_classification_best_10,0,0,0,0,0
most-pop_classification_best_20,0,0,0,0,0
most-pop_classification_best_50,0,0,0,0,0
bprmf_relevance,0.7865502631428951,0.7859237536656892,0.78515625,0.786692759295499,0.7865497076023392
bprmf_classification_best_10,0.6170862386715559,0.6281929990539262,0.608058608058608,0.649706457925636,0.6169590643274854
bprmf_classification_best_20,0.713529534702563,0.7183908045977011,0.7035647279549718,0.7338551859099804,0.7134502923976608
bprmf_classification_best_50,0.7894476849125074,0.7874015748031495,0.7920792079207921,0.7827788649706457,0.7894736842105263
neumf_relevance,0,0,0,0,0
neumf_classification_best_10,0,0,0,0,0
neumf_classification_best_20,0,0,0,0,0
neumf_classification_best_50,0,0,0,0,0
wrmf_relevance,0.6745501871449471,0.6806883365200764,0.6654205607476635,0.6966731898238747,0.6744639376218323
wrmf_classification_best_10,0.6043356829365607,0.6081081081081081,0.6,0.6164383561643836,0.6042884990253411
wrmf_classification_best_20,0.6306708718864591,0.6359269932756965,0.6245283018867924,0.6477495107632094,0.6306042884990254
wrmf_classification_best_50,0.6638097771360173,0.6685878962536023,0.6566037735849056,0.6810176125244618,0.6637426900584795
lightgcn_relevance,0,0,0,0,0
lightgcn_classification_best_10,0,0,0,0,0
lightgcn_classification_best_20,0,0,0,0,0
lightgcn_classification_best_50,0,0,0,0,0
multidae_relevance,0.7222218000113997,0.7214076246334312,0.720703125,0.7221135029354208,0.7222222222222222
multidae_classification_best_10,0.6609731537248493,0.6729323308270676,0.6473779385171791,0.700587084148728,0.6608187134502924
multidae_classification_best_20,0.6871943457526647,0.6910490856592878,0.6799242424242424,0.7025440313111546,0.6871345029239766
multidae_classification_best_50,0.7232230729770297,0.7242718446601942,0.7186897880539499,0.7299412915851272,0.723196881091618

user-knn_embeddings,0.83711929777896,0.8318227593152064,0.8568464730290456,0.8082191780821918,0.8372319688109162
item-knn_embeddings,0,0,0,0,0
most-pop_embeddings,0,0,0,0,0
bprmf_embeddings,0.48431782341876767,0.47152847152847155,0.4816326530612245,0.461839530332681,0.4844054580896686
neumf_embeddings,0,0,0,0,0
wrmf_embeddings,0.5195124731632246,0.52089407191448,0.5173745173745173,0.5244618395303327,0.5194931773879142
lightgcn_embeddings,0,0,0,0,0
multidae_embeddings,0,0,0,0,0

user-knn_embeddings,0.8283510345220679,0.8229376257545272,0.8467908902691511,0.8003913894324853,0.8284600389863548
user-knn_relevance,0.663650181445101,0.6546546546546548,0.6700819672131147,0.639921722113503,0.6637426900584795
user-knn_classification_best_10,0.6345847662113123,0.6411483253588517,0.6273408239700374,0.6555772994129159,0.6345029239766082
user-knn_classification_best_20,0.6373605912640359,0.6302186878727635,0.6404040404040404,0.6203522504892368,0.6374269005847953
user-knn_classification_best_50,0.6568084661714133,0.6458752515090544,0.6645962732919255,0.6281800391389433,0.6569200779727096
item-knn_embeddings,0,0,0,0,0
item-knn_relevance,0,0,0,0,0
item-knn_classification_best_10,0,0,0,0,0
item-knn_classification_best_20,0,0,0,0,0
item-knn_classification_best_50,0,0,0,0,0
most-pop_embeddings,0,0,0,0,0
most-pop_relevance,0,0,0,0,0
most-pop_classification_best_10,0,0,0,0,0
most-pop_classification_best_20,0,0,0,0,0
most-pop_classification_best_50,0,0,0,0,0
bprmf_embeddings,0.48431782341876767,0.47152847152847155,0.4816326530612245,0.461839530332681,0.4844054580896686
bprmf_relevance,0.7806718218608097,0.7783251231527093,0.7837301587301587,0.7729941291585127,0.7807017543859649
bprmf_classification_best_10,0.6288735204149487,0.6475485661424607,0.6140350877192983,0.684931506849315,0.6286549707602339
bprmf_classification_best_20,0.705694146258051,0.7079303675048356,0.6998087954110899,0.7162426614481409,0.7056530214424951
bprmf_classification_best_50,0.7885072103053217,0.7882926829268292,0.7859922178988327,0.7906066536203522,0.7884990253411306
neumf_embeddings,0,0,0,0,0
neumf_relevance,0,0,0,0,0
neumf_classification_best_10,0,0,0,0,0
neumf_classification_best_20,0,0,0,0,0
neumf_classification_best_50,0,0,0,0,0
wrmf_embeddings,0.5185567989664279,0.5222437137330754,0.5162523900573613,0.5283757338551859,0.5185185185185185
wrmf_relevance,0.6550567134687364,0.661567877629063,0.6467289719626168,0.6771037181996086,0.6549707602339181
wrmf_classification_best_10,0.6004825869701518,0.6087786259541984,0.5940409683426443,0.62426614481409,0.6003898635477583
wrmf_classification_best_20,0.6335910930404879,0.6384615384615384,0.6275992438563327,0.649706457925636,0.6335282651072125
wrmf_classification_best_50,0.6618832291528128,0.6685768863419292,0.6529850746268657,0.684931506849315,0.6617933723196882
lightgcn_embeddings,0,0,0,0,0
lightgcn_relevance,0,0,0,0,0
lightgcn_classification_best_10,0,0,0,0,0
lightgcn_classification_best_20,0,0,0,0,0
lightgcn_classification_best_50,0,0,0,0,0
multidae_embeddings,0,0,0,0,0
multidae_relevance,0.7173522314897498,0.7167968750000001,0.7153996101364523,0.7181996086105675,0.7173489278752436
multidae_classification_best_10,0.6541770372199951,0.6685340802987861,0.6392857142857142,0.700587084148728,0.6539961013645225
multidae_classification_best_20,0.6861854729922292,0.6873786407766991,0.6820809248554913,0.6927592954990215,0.6861598440545809
multidae_classification_best_50,0.725149620960234,0.7246093750000001,0.723196881091618,0.726027397260274,0.7251461988304093


observation,0.8835597410065495,0.8677595628415301,0.9974874371859297,0.7678916827852998,0.9332229580573952 <-- obfuscation avg (no balancing)
observation,0.8580285729221899,0.8337078651685392,0.9946380697050938,0.7176015473887815,0.9183222958057395 <-- obfuscation pred (no balancing)
observation,0.6561369050730752,0.48620236530880423,0.7581967213114754,0.3578336557059961,0.7842163355408388 <-- original no balancing
observation,0.9229589801075371,0.9218595450049456,0.932,0.9119373776908023,0.9230019493177388
observation,0.6412288868200559,0.6312625250501002,0.6468172484599589,0.6164383561643836,0.6413255360623782 <-- my method
observation,0.9261973441438632,0.9383033419023137,0.9193954659949622,0.958005249343832,0.9298245614035088
observation,0.864824988420494,0.8422535211267604,0.9867986798679867,0.7346437346437347,0.9072847682119205
observation,0.731409141521501,0.6395511921458625,0.7450980392156863,0.5601965601965602,0.7872516556291391
observation,0.9207378982659882,0.8865248226950355,0.8542141230068337,0.9213759213759214,0.9207378982659882
observation,0.5,0.0,1.0,0.0,0.6630794701986755
observation,0.5,0.0,1.0,0.0,0.6630794701986755
observation,0.6481997986054376,0.6518804243008679,0.6425855513307985,0.6614481409001957,0.6481481481481481

observation,0.6529477704101989,0.6454183266932271,0.6572008113590264,0.6340508806262231,0.6530214424951267
user-knn_embeddings,0,0,0,0,0
user-knn_relevance,0.5814765625,0.5589155370177269,0.5838779956427015,0.536,0.5820158102766798
user-knn_classification_best_10,0.5751328124999999,0.5734126984126984,0.5688976377952756,0.578,0.575098814229249
user-knn_classification_best_20,0.585640625,0.5711361310133061,0.5849056603773585,0.558,0.5859683794466403
user-knn_classification_best_50,0.5807109375,0.5664621676891616,0.5794979079497908,0.554,0.5810276679841897
item-knn_embeddings,0,0,0,0,0
item-knn_relevance,0,0,0,0,0
item-knn_classification_best_10,0,0,0,0,0
item-knn_classification_best_20,0,0,0,0,0
item-knn_classification_best_50,0,0,0,0,0
most-pop_embeddings,0,0,0,0,0
most-pop_relevance,0,0,0,0,0
most-pop_classification_best_10,0,0,0,0,0
most-pop_classification_best_20,0,0,0,0,0
most-pop_classification_best_50,0,0,0,0,0
bprmf_embeddings,0.47933820927214815,0.4659206510681587,0.4645030425963489,0.4673469387755102,0.4796828543111992
bprmf_relevance,0.52971875,0.5296442687747035,0.5234375,0.536,0.5296442687747036
bprmf_classification_best_10,0.5086953125,0.4974721941354904,0.5030674846625767,0.492,0.508893280632411
bprmf_classification_best_20,0.4819765625,0.46855983772819476,0.47530864197530864,0.462,0.48221343873517786
bprmf_classification_best_50,0.5453203125,0.5372233400402415,0.5404858299595142,0.534,0.5454545454545454
neumf_embeddings,0,0,0,0,0
neumf_relevance,0,0,0,0,0
neumf_classification_best_10,0,0,0,0,0
neumf_classification_best_20,0,0,0,0,0
neumf_classification_best_50,0,0,0,0,0
wrmf_embeddings,0.47831780110888283,0.46435845213849286,0.4634146341463415,0.46530612244897956,0.4786917740336967
wrmf_relevance,0.6052421875,0.5856697819314642,0.6090712742980562,0.564,0.6057312252964426
wrmf_classification_best_10,0.6168046875,0.6203522504892369,0.60727969348659,0.634,0.616600790513834
wrmf_classification_best_20,0.6073359375,0.591983556012333,0.6088794926004228,0.576,0.607707509881423
wrmf_classification_best_50,0.6092187499999999,0.5906735751295337,0.6129032258064516,0.57,0.6096837944664032
lightgcn_embeddings,0,0,0,0,0
lightgcn_relevance,0,0,0,0,0
lightgcn_classification_best_10,0,0,0,0,0
lightgcn_classification_best_20,0,0,0,0,0
lightgcn_classification_best_50,0,0,0,0,0
multidae_embeddings,0,0,0,0,0
multidae_relevance,0.5840624999999999,0.5835806132542039,0.5772994129158513,0.59,0.58399209486166
multidae_classification_best_10,0.5748515625,0.5630081300813009,0.5723140495867769,0.554,0.575098814229249
multidae_classification_best_20,0.610640625,0.6067864271457086,0.6055776892430279,0.608,0.6106719367588933
multidae_classification_best_50,0.5938281249999999,0.5894105894105893,0.5888223552894212,0.59,0.5938735177865613

