0,1,2,3,4,5,6,7,8,9
0.0675915021082471,-0.05128663390755762,0.05415246779347254,0.1334357689807215,-0.015032129760754418,-0.018865555397383594,0.14616461462551697,0.042646180763648164,-0.044498177960003306,0.07665357219183586
-0.02599255094079504,-0.06717701693477655,0.02703103421876103,-0.17238554316846744,-0.16902456711395522,-0.027089552449415417,-0.11155521970345182,0.010182686865171158,-0.05798570036701397,-0.15263601232245305
0.1938515647621441,-0.05551543770683273,0.0719982097600607,-0.23585698901764252,-0.11238658239048362,0.03616507718139028,-0.032552347737893755,0.16857045112283445,-0.06522667564082867,-0.07395542078520156
-0.05857521091356878,0.18299331621519613,0.018341894474705772,-0.11221288838503579,0.1186165648021178,-0.12278248881930555,0.018030239551594128,-0.17383592492309247,-0.12260300194729136,0.04113899534275438
0.07966377683815408,0.02449687503476004,-0.0034226764554323016,-0.013302738432877095,-0.13632469682900644,-0.07292552502029652,-0.04986706083912887,0.12895000737912454,0.035038081161126375,-0.14752012714228815
0.038013369501337796,-0.052653879364248944,-0.038269399899820644,0.05715022242307321,0.11559999095427631,0.1021060716716558,-0.09410385215011088,0.013487257853377623,0.01235198259898589,0.09650542110016054
-0.03468337912092278,-0.006144065116985153,-0.11151254662519598,-0.11017882408794716,0.07811726979822582,0.12984639168254608,-0.0008025473439905741,0.0949598158909388,0.03569889110213293,-0.04386048059579293
0.04875717498311201,0.14586578897161087,0.006177126798926874,0.15364390947267415,-0.24557816116415895,0.07403343513765075,0.019825373899831647,-0.02349242942456801,0.011467616892890855,-0.18691944496616492
0.02922546684131881,0.01721585244193864,0.14935306029413964,-0.05691764448189628,-0.06710026674691476,-0.05215219570130527,0.07648217262288444,0.02250628170113701,-0.04463166212189413,0.09474110932401332
0.01875285972095958,0.13069227368667868,-0.089216007815541,-0.01881783985701078,-0.05093648499130904,-0.16507812813095785,0.03288667437636362,0.025860748233376148,-0.003082104435169126,-0.034950257995922204
-0.12491668943634683,-0.04465691384690126,-0.030944947895324378,-0.05996839201415999,-0.03827831343926053,0.0392786340958297,0.16894473561957718,0.01673399598844058,0.02304312842204437,0.0009406828820009873
-0.18629608725726798,0.0002468799687781558,0.011619626994708514,0.21522327122204435,-0.03188909547262043,0.05019132416833015,0.006563490097822994,-0.09960133990753166,0.11863453723249318,0.10914275639124381
0.06748369557279359,-0.08470228558292345,0.14021981015679008,-0.12377934340335808,0.056436094161686316,0.207595529672778,-0.0827495990420783,-0.05015440590081179,0.02018041916015465,-0.052458472346329166
-0.14830479690220277,0.011403036547851415,-0.07767396192482395,0.03917137571670523,-0.09327415936390712,0.1415397899097439,-0.048817795715391625,-0.012772111826293715,0.08520045729774894,-0.09189985771420554
0.01771691174492429,0.12668199522534465,-0.15447193939568168,0.0070983208508717775,0.023170709182181136,0.08460316160803874,-0.11648151485622558,-0.11232463154252713,0.05347788921480638,0.037093102031069955
0.03021377426433578,0.03950407675486859,-0.06343822015101681,0.023262456501131203,0.021880148103684875,-0.08245364688409083,0.18578097519748601,0.06628983870453883,-0.11724051544431686,0.07056815391501339
-0.0970348312164545,0.07887208465885183,0.09359816390405068,-0.0953818859670586,0.11119314013891189,0.03654852192716681,0.056430515082065626,0.1772871896930027,-0.008852961987213772,-0.07295521128466857
-0.06846330503670389,-0.07520930658187536,0.010140630394475391,0.04656817517895524,0.014644035054772176,0.0829507671918819,0.030262424725296305,0.16299049823415812,-0.0006312936476857296,0.2844487868111542
0.04928938849154748,-0.07965801186453123,-0.07993111204288057,0.08017623495898478,-0.042066428060446116,0.0978018209165868,0.02381229604931067,-0.0023556273354270914,-0.07717681553741929,-0.14987799069422256
-0.05075744372874577,0.07610350351262843,0.014863904667246717,-0.11979902096815709,0.028204200966940297,0.029279391220425117,-0.078462119526489,0.017471961044743477,0.008398820493197628,-0.10246604159752343
0.0520475489758719,0.0510676791049501,0.10398441550395268,0.09109098595315211,-0.12076423257422599,-0.08525941332071481,0.04064098968785129,0.05755754310198245,0.07341604331957045,0.3918095456849549
0.05983657519972194,0.08447499207262386,0.10356261112220058,0.0633142546675226,-0.017055315202836183,0.0757529516303242,-0.06660313505396438,-0.0024091408708771726,-0.016695189892064158,0.028237056526034823
0.22806250987847576,-0.1703175194369656,0.06732556107349018,-0.1557664987971726,-0.051757075524787144,0.09728200124210802,0.02037513201286323,-0.06831622363571761,-0.05751138200881004,0.08120931285510267
-0.08011501792670941,0.01209267252099542,0.01927103844184977,-0.05065974476316979,0.20019258326215902,0.0791214693170272,-0.21452925546283313,0.04114143607482104,-0.04387139709017776,0.10664755316335997
-0.06521380793078665,-0.014996991133696236,0.04820060244134964,0.0597313573618551,-0.11360448638306553,-0.060524015687050244,-0.023804245205075212,-0.08709181518595863,0.1567589746324499,0.05163784552394692
-0.10030645184686819,0.0811064657948969,0.19378794168037358,0.10673352591075551,-0.1653859006411328,-0.04796386943955933,0.13296725542663448,-0.07643535937799978,0.05805124162331021,0.06498460953533952
-0.08779581894685982,-0.006428146293909668,-0.2938860755030613,-0.11213547688275247,-0.01430309316402309,-0.14664314788256227,0.1808286549818304,-0.08925384860097337,-0.07020637534285568,0.024164005048814996
0.1418755298814771,-0.09838340269479509,0.10641087723330227,0.0331972135149381,-0.09260534428732911,0.04995080886506489,0.018920828699254617,-0.08327136092305551,0.02968697333659166,-0.014111849803729003
0.008781118715799438,0.06919571584639174,0.14011708860750127,-0.12596972220572922,0.19731512890920377,-0.1834740027874493,-0.026465511245711372,0.08134085399667426,0.05393313129660177,-0.06618828474328645
-0.0014849378783783902,-0.05464276293925633,-0.04288272247999509,0.07499787599239055,0.03883414406052046,-0.062135284164173625,0.09315399643934595,0.03809315164900209,0.09040396799901942,0.07121769395847435
-0.08699910002183077,-0.036611945478478784,0.06787084079158553,0.05533435582837752,0.012327578822739717,0.027650345470000098,0.11262895786689854,-0.049864710169692586,0.0628665504605057,-0.00984112484409254
-0.014780482415528847,0.11343576058911313,0.08683625183819263,0.08919020180577039,0.13419932196927314,0.020770837832785324,0.03541518711659235,-0.03901417267637182,0.03469306355071861,-0.02674131538134325
0.02488883434985228,0.024254390563840256,-0.05341209774428812,0.18355704229133726,-0.11288439195901087,-0.129312033071142,0.1423730508244969,0.0822725742768022,0.07113933152324887,0.05536606461119036
0.04718597810247256,-0.08496590146096308,0.009142107609444845,-0.06604146514459909,0.08992341579390004,-0.03704401601042226,-0.0833063766360993,-0.04741168828217189,0.05751193914910632,-0.020486047112009388
-0.10149507240078907,0.06912795051603403,-0.025670834517931625,-0.08002138903447684,-0.06411443206881039,0.03016694068418944,-0.13921429580299716,-0.14233192550297646,-0.12952700811200119,-0.05163050181827691
0.04449074214857416,0.1301476050923256,0.08788245012049284,-0.03966568200101686,0.009020377940915668,-0.10387603043198672,-0.0026519717423808173,-0.027185882107151713,0.04604098710043682,-0.09155822830369911
0.06159471305472123,0.16435197261902837,-0.005375448779462466,0.04429776168799622,0.10215997483069318,-0.02773921783880583,0.048291715470812846,0.015101219747334147,0.04364642994709474,-0.04932729615100523
0.011543538096917197,0.07430077333144289,0.10359908483454519,0.12296679743819017,0.22227434967902668,-0.11156501810580163,0.16478098698038074,0.08160922293925692,0.2897686761402656,-0.016732191489288555
-0.0771226794229289,-0.058369711643029294,-0.18229348592477604,-0.04851079882648487,-0.0590963655918377,0.008320453534936833,0.02620256531347872,0.18308838709160546,0.1131132743722091,-0.05707530017369184
-0.07514201688743245,0.055636660605815035,-0.1273732145392173,0.18156440410615168,0.10604344793079147,-0.06536048942980426,-0.15591506986170828,0.1359662528353275,-0.00010351846204403103,0.1322029893481396
-0.15896342762435836,-0.015724395857114694,0.03758149855786063,-0.018373484769025346,-0.03601633556728969,0.05132210988143889,-0.10785667038387749,-0.029520180665940483,0.01873846543388557,0.05551720245229431
0.09111180825766572,-0.10512412853204939,-0.14151934435695765,0.14231447477510623,0.04627359260100011,-0.08115029112807641,0.1394994977545748,0.007663276996281801,0.1163074409970677,0.011568283909937992
0.20113150223033482,0.1646561529298874,-0.01667780204340039,0.09606175896846854,0.04225601887846093,0.11945002313421733,-0.07848093915555499,0.07631388384111559,0.12417241011967445,-0.16992888865404612
-0.11655434742239769,-0.21102695047990894,-0.04631239343464965,0.05940943726448502,0.12148429237234219,0.00503942404768569,0.1504325820907695,-0.11727586495393823,-0.1494711030100343,-0.0008077380048114367
0.019692570506108512,-0.003546324819509553,-0.19782298598551099,-0.03781453606286976,-0.09923584809737544,0.06454203681219406,0.03477533977428862,-0.09043833748965689,-0.04311464733477166,-0.0922121334582403
0.013277743718665868,0.07145873599911562,-0.12792039694651453,0.04485758176985773,-0.04440280667689185,-0.06768752279362819,0.0224556870638772,-0.07238124876109682,-0.07227015000934825,-0.14344809706465764
0.1899619666040245,0.0037881888201161088,-0.06113695768073886,0.014983483891001763,0.001244576787818247,-0.021098011774922484,0.0854513755395737,0.08304748455039132,-0.05793134738860736,-0.04609138613397075
-0.010828147790545176,-0.23619079586721614,-0.14289306500218812,0.13686423397691855,0.14810216339319615,-0.03213086068936069,0.05955073178548671,0.02781235175363159,0.3041367040458623,0.1255217991616011
-0.011079405643355312,-0.08410219563772582,-0.15957246937680333,0.03254441689526626,-0.07675797514497887,-0.13799136655358066,-0.06160902875406815,-0.0963704570441457,0.1702696967988166,0.10528543567386364
0.0031578011801394004,0.1495328390250691,0.014946966578340179,-0.07478036464424442,0.1471957276291156,0.04612468749910963,-0.09430530052633242,-0.038540722769537086,-0.1018539255967254,-0.1387444611377109
0.10690783281908645,0.19838273694907782,-0.12078973475892578,0.03999960847564052,-0.051194180209767876,-0.02821181137303731,-0.05275047735914875,-0.055342565933798674,0.012892331934245835,-0.05114266001283283
0.02790633023821557,0.0015114580302811103,-0.027496991679227246,-0.10358438889380148,-0.054641996994579785,0.06215124999281645,0.03547253780542293,-0.0806486998675123,0.01201986324144997,0.08052851802625363
-0.15496085368956436,0.07454219288462713,-0.05602029713568461,0.07050033978310989,-0.06549046733881685,-0.20500476551746516,-0.17380694622975176,0.00267174351583624,0.023411268887257926,-0.08384883164273141
0.050674691792768636,-0.1537148271506924,-0.008282646121603184,-0.10498379134628812,-0.06554508786290071,-0.0099846703830399,-0.07426757730547734,-0.0232537721134333,0.09882655352579706,-0.05567478115619951
0.10141211292274442,-0.09828495766151821,0.06929812128628213,0.14352276690523708,-0.22857899165873943,-0.0858993368620055,0.0619346513107314,-0.012555514558115282,0.024823082637064092,-0.028929303142027202
0.006936429031920495,-0.004787811833194734,0.11667734828540996,0.04194472917399535,0.031357856046741336,-0.057754153177703584,-0.04243352230971824,-0.0326503956453142,0.061905213805545534,-0.02292386294573291
0.03139807549568007,0.2040938300232752,0.08010505307799327,-0.031104412020739276,0.12914954449006302,-0.04712375884395048,-0.20863431813234243,-0.08955338000911547,-0.18435091336434536,-0.027014045141635912
0.0073962615274489425,0.15440416066997917,0.02981424278769594,-0.025344415003542408,0.07882159195496437,-0.21511121389074572,0.02891566805746219,0.07348797857713288,-0.13330639786590928,0.14284527206213155
0.04097251689398939,-0.025263553599561884,0.061189444393658976,0.2174926446512191,0.01799097460440483,0.031553844558009914,-0.04285918182645384,-0.07152072769422842,0.09199220249141157,-0.07184487794267978
0.008290510914474131,-0.0038365321032663483,0.06157577819208669,0.03486652960151543,0.07447671960521214,-0.04836401171863635,-0.051500912081394144,-0.06234950756691611,-0.025617845991277182,0.0047366766092723925
0.06426077149680251,-0.11226577465521805,0.1031834204529527,0.16647927944553448,0.019982701317487972,0.16013176334719928,-0.04203929590729879,-0.16231256165416066,-0.20133687431682973,0.14652087075314535
0.07183492332570296,-0.0005610592230071866,0.04080518516412983,-0.08117155827019525,0.2059386637921619,0.0010519203971179143,0.030243003633059783,0.07421562682089623,0.10927647342974775,0.08049386525654803
-0.07772847105752086,0.03366718894097807,0.16212195424062759,0.13082197573611398,0.13746351843314994,-0.06177881032728256,-0.09459690126659649,-0.009414033124296473,-0.010140341004925557,0.10517567051243658
-0.17163290812856266,0.15551356145045664,-0.046579405903937846,-0.027796191622814662,-0.12166528565209425,-0.18527871755658532,0.08389944913065692,0.0034260913510719615,-0.08457475090649855,-0.12837766005863438
-0.024520719105598797,0.15040726878413102,-0.022679590191690052,-0.14564382456341599,-0.03129867180196346,-0.02257263973637716,-0.2519580182936861,0.003378118227800271,-0.007231726901438683,0.07180753137721767
0.2252071964950059,0.06442431466835291,-0.004357438070664313,-0.11065474634455527,0.23340386130800647,-0.010809237277430547,-0.015991099757462955,0.02742575164882806,0.023744548503002123,-0.017006704513454585
-0.07407134219917198,-0.037133341823080174,-0.014252979417546396,-0.04150123480149,-0.08160535565003603,0.005910964383050198,-0.03384775282821534,0.1481795617933355,-0.22706056189792528,0.11529406934197828
0.10405176590432544,-0.21549559928094272,-0.061119703768199744,0.0010637274119011514,-0.13617991795014797,-0.061059864546790965,-0.09152059924256106,0.2696774046109406,0.07888757986969089,0.11059875519606914
0.06933924843121858,-0.10914175502040895,-0.037253929202601385,0.04622961540092389,-0.1049258282571093,0.062127289934065084,-0.010619765744729798,-0.014848208651908104,0.08285810874952346,0.04862205393640403
-0.030437066516742207,0.08667521062541143,-0.10115058462393878,0.07171103806896553,0.054978488560575856,0.0032418776204644513,0.03327489723822368,-0.11947108616765238,0.10635539512400786,-0.01669122574390312
-0.06276760341602637,0.10591215421497809,-0.07395682572051786,-0.1461846392625906,-0.15857852867860542,0.053317188177704915,-0.1495764408144085,0.16064913217494559,-0.1905555595715246,0.18134486414361844
0.051866663514278336,-0.001731260474601154,-0.039232605921657365,0.019708191985817577,0.043687970118300654,0.09374346273350663,0.0244908863531049,0.003323779259079396,-0.047083139686949056,0.03678597032495349
0.044528524656052185,-0.15191878297481057,-0.12838206961738108,0.07452357346767272,0.023369538727227076,-0.037997153622151496,-0.016023877439328694,0.02969496196613716,-0.041695625070216964,-0.05914515523021497
0.036640930192717316,-0.08340490536455136,0.05513590422755619,-0.1482284172687614,0.08538513776059556,-0.0011088799344476249,0.030786055405544906,0.11140683372963894,0.17832270233159245,0.09411884139807368
-0.1536882935488417,-0.13629006789747805,-0.06659668570994963,-0.007795175950033705,0.07735090417228135,-0.05831583169597511,0.01377074844719557,-0.08691253939802134,-0.052281298047937935,-0.15210920600540262
-0.05595850403032659,-0.13755689506609944,-0.10399039092218086,0.029226461335570362,-0.07255716304278306,0.22427373203560527,0.0047706782850530025,0.0012095879902322018,-0.09111463014831939,0.09385883697107189
-0.03830665671810259,0.02118976694733437,0.23125238773783868,-0.03417091883008182,0.12463258749474605,-0.04981337752895052,0.04193000195040034,0.19583236824287903,-0.06012910823757898,0.16837177065037962
0.03205020335049025,-0.06360340718810424,0.08410975562948238,0.12278199552145636,0.035957331004771734,-0.14397521207292133,-0.05955109319346252,-0.008824323336288529,0.01143057900087382,0.06596669031799941
0.017591896405839677,-0.10611057296108146,0.06573600430143876,0.0653491317724731,0.04670694833888405,0.10265661433075246,0.1023688285168797,0.06817116176978119,-0.010534910921537308,-0.14157528966304378
0.03234360153968947,0.026898152449753472,0.012406838804291978,-0.13498111547962593,-0.1067986082897629,0.10446183384485394,-0.0005264662328700706,0.05985566145847,0.0206125162414259,0.015986044429395982
0.11259008178619448,-0.048569517658093746,0.012891721886253604,-0.04191991668204336,-0.0320894410670448,-0.041631836309234026,0.016357304025883423,-0.03712255493585209,0.14240608119034545,-0.06116104675377367
-0.018958127106738203,-0.004704741732425505,0.12438336680404892,0.05184329911157095,0.08188556613090729,-0.15480556299492837,0.045870762691825696,0.10864603307132303,0.009829690285218396,0.1439849748844357
-0.04241181376805131,0.1173753233053133,0.22973564534723087,-0.027483988731494297,-0.036145679078967874,0.1457378233312801,0.13375982790247876,-0.03939638953687342,-0.05143024501022527,0.005384624341116007
-0.14110202164012578,-0.10589064107353176,-0.10139497406870447,-0.06715733277165199,0.0409264473559786,-0.00024198890373805903,0.1744736358655647,-0.0961282520748078,0.11834170129452055,-0.043494585461225845
-0.006421108823559368,0.05077571817885164,-0.09873769916318453,0.049387849708602605,0.011688996869398489,0.051766114883900406,0.031615006682869186,0.2502474991632436,-0.05151719548025686,-0.04087166437915591
-0.057891141429877176,-0.04855641999706975,-0.052603901473356605,0.10886840086059446,0.13280069926205326,-0.044587418173325045,-0.08284798912125346,0.06557017241295415,-0.055136755180507764,0.052866859020128214
0.05410573949902026,-0.14268034472895386,0.1899523730392535,0.1656461833178379,-0.07971914826542986,-0.03868247098910574,0.018225856620176187,0.033117944975607785,0.07637633916476748,0.20651556716918193
-0.026990976938142845,-0.0998276604030835,-0.11977506389722209,-0.05804692593017396,0.0004956084153863912,0.18094019043662293,-0.0506390406729131,0.02388019454489306,-0.009687483273383618,0.10779156592563091
0.22854951946781082,-0.06197925445614952,-0.021089001876488035,0.08915131287265915,0.0734409610047898,0.18141256301050343,0.053778941023423794,-0.028633470243594923,0.07946394204104965,0.12404635463606167
0.07636244666248333,0.05872337024048177,0.12572524592003212,0.11916932524996941,0.12245088160440273,0.0358308589459243,-0.01967549934783973,0.00918784526509424,0.1172241051166005,-0.07989910122108804
0.02767727818327072,-0.042410368399124765,0.014873557894444398,0.10773503090780229,0.03468643223155238,0.0008170595663327963,-0.12343913715079176,0.06257326064922025,0.06281104890028548,0.2086640847848289
-0.02938869501754354,0.03819194731510834,0.024181016041123996,0.16743440668114035,-0.021159928411908866,0.03954719292028539,0.05397825758869926,0.018528456651896497,-0.054007335719810826,0.018231342675655772
0.12267621895065974,-0.09637879833608916,0.0018291565880840866,-0.06722777236804964,0.11456016383822076,-0.14435596613405421,-0.06486959193640181,0.026127766233406315,0.1542737599398998,0.014291553843702245
-0.05736664804281712,0.18284538519337395,-0.14458722110439987,-0.2245700338206026,0.048938949084886024,-0.05581709272940347,-0.11517530667425992,0.07148978345083756,0.037076717159020424,-0.0430713912962077
-0.11721420199533195,0.07687839185905594,0.10019530426279169,-0.018436305475648337,0.16453548439692742,-0.10692266500854437,-0.12758405676756773,-0.07152753992586237,0.0049032235714135735,0.03897182459202827
-0.03306237709106447,0.029858652390125365,-0.14995408510179317,0.1322631654413996,0.022066262115563576,0.1029948162646506,0.05228105695029865,0.030927747078945668,0.053668668526415886,0.0399977721753139
0.06408228939127134,0.13145039365428432,0.006227769436610002,0.060721898515343466,-0.014457958240484643,0.13887822597446975,-0.07830587745870884,0.19110437205709033,0.008956791570638964,-0.14195981548183975
0.02257258218620088,-0.06402122436690849,0.07324263120124477,-0.04192729819703477,-0.061394409343137314,-0.20464263811238104,-0.0357212808779928,-0.24235102540538295,-0.15536209496032446,0.0635222507826285
0.11353904718710815,0.03137443940615984,-0.08134303025953726,0.008852845618142011,-0.009577727842470926,-0.11230673922269034,0.11967036373394105,0.09442626851641152,-0.01947240927369711,0.029392427978563607
0.013823307330503895,-0.19754613121991724,-0.022050407338469098,-0.05349745565632682,-0.10592681148154483,-0.02717769463345823,0.17319137028949652,0.06939621611553523,-0.06277501399803401,0.07080116466209078
0.16729028861252684,0.10101011437353848,0.01525151784496411,-0.052033073995709604,0.05659116025044019,0.02392764991878651,0.09515536474512243,0.09325707384500806,0.0866332787326582,-0.041725129469206035
0.12327816502267745,0.011959597578512093,0.22458384552614863,-0.0551618215824407,0.17249837457009765,0.01740084582320173,-0.07060146453364795,-0.0663772897724649,-0.028841671248114025,0.04252734364210007
0.07796884270360331,-0.035358102397669455,0.030018952448392353,0.21698334413833525,0.0681708296879322,0.07482529133104172,-0.03197368241172186,-0.04776934403142487,0.06359551175813453,-0.1140881604686755
-0.025137527686230496,-0.19530041977689927,0.038731326153152563,0.056283416271266005,-0.05603273226463422,0.15896302992912623,-0.11986561167618336,-0.1593925119594697,0.024754639649333096,0.10750141292026721
0.16533658492835826,-0.04719175068828737,0.11800661548302668,-0.0007573850434058556,-0.01827722804271183,0.07360107155141521,0.0733883255535771,-0.14982047289878836,0.14262430420571015,0.14865832681705404
-0.034785219376037804,0.051661263230038015,0.0609071835326532,0.012578031033199755,-0.05273511500999427,-0.06315459416085574,0.008728394594018044,0.17910105005616828,0.04085367496462211,-0.003024605594360307
0.0794174304763292,-0.26383001202745754,0.12885264064629093,-0.16244040096177273,-0.016930719395159523,-0.11784623390059466,-0.151691561277941,0.13636453201912221,-0.04518195378984755,0.04183659705446766
0.0011624101918798445,0.03672865469075302,0.010221158745039155,-0.11710371917431345,0.08610954738221764,-0.05058280011052029,-0.15419642725255991,-0.02301966566471266,0.13627590317376082,0.0804576265030471
-0.040596606790664035,-0.02136540916240117,-0.03132325742386826,0.2086355791393166,0.036244298067696246,0.044610775563085944,0.11196904778919135,0.03919914929638936,-0.0014978935582197971,-0.017372150038889134
0.015354802851533305,0.007243481908672192,0.07472264839653571,-0.0015367911796784837,0.06664567651371234,-0.02742818410778956,-0.007288064627868803,-0.1734782158631552,0.09782594080992549,0.029112084491303456
0.09902803529529997,-0.2877990625564183,0.20751222238348235,-0.028321672979950634,0.10444947985243795,-0.09791084323169866,0.05498133202727069,-0.08343777631705108,-0.0407530961851199,0.19322909918439754
-0.011277210016255625,0.03104367413620454,0.10641050763740807,0.04778315659311588,-0.0020986275345942803,0.02388139349446367,0.214433958532015,-0.009713449810415761,0.014102931326779073,0.1244696706995716
0.13304793070503623,0.1396093830607612,0.06540166623842185,-0.11114946876856059,0.1807035025062054,-0.12802474868056532,0.04052053511428199,-0.05819367817737311,0.002047428883533593,0.055126448673058076
0.06029544053809309,0.035163275992483235,0.1280885593409977,0.03499417019680829,-0.015165986841037664,0.06442868016435273,0.1147057743715655,-0.10030070641371619,0.0741119258084048,0.05146282158082218
-0.049183390603945755,0.13228232027734912,-0.030653047255652,0.025162918340262047,-0.01779511420995095,0.00026700442309285805,-0.12506014549171665,-0.1547903277092257,0.18346849671150153,-0.047973330693139186
-0.08087983355087948,-0.21300050384614244,-0.07645353404897656,-0.13788385428835861,0.14306206015141051,0.10000815295225579,-0.055034213952458715,0.20525572410335294,0.09822658663365334,-0.037068965445708583
-0.26962826179623944,0.27205522001200383,-0.05005421904268369,-0.021397928847819707,0.041058355283820416,0.2181375991042053,0.13026637503212263,0.08282144623787446,0.11234981112725922,0.07273357066209622
0.16576493617240437,0.02130618629367428,0.04022141656896108,-0.01538948364251517,-0.050954453698054764,-0.018490021350549227,-0.143421466083523,0.10044430975784102,-0.04363205724574121,-0.0935136587689614
0.02121810011692819,0.1482981473648085,0.08023251673025386,-0.13543520507735365,-0.08665280521434289,0.09487726442954585,-0.10017161489094986,-0.007442037148012276,0.04460822062543384,-0.0757013038949779
0.018135429644580762,-0.1317133030333219,-0.04742759031974715,0.028939049832167975,-0.14538727450798303,0.049839809489691675,-0.028882187295611327,0.07244567964625111,0.029896062015884545,0.15613960394329837
0.02057092058688966,-0.04891980038450338,0.02799590098174365,0.05729097101998716,-0.01799963746052308,0.012090492967908244,-0.06589888317149967,-0.05461673181854725,-0.14508236147636172,0.18692028616264839
-0.11614165800421143,-0.060322381722945996,-0.06585727656350408,0.08946440981955796,-0.03045642432050421,0.12626926126927682,-0.052440194955198416,0.021251897405552864,-0.07436595839671259,0.20025193812012973
-0.09308785666380348,0.0339977554098777,0.06999735152803582,0.023273280009303957,-0.02251696845737905,-0.046369197613359725,0.009007644471173056,-0.010011522462679764,0.10048958069180607,0.26476973180012325
-0.053552485337811796,-0.14330477375207032,-0.007435154642335422,0.25575406066840256,-0.07707653192626263,0.14195030692731248,0.16439600101798024,-0.06575381165260967,0.05084550009555747,0.13640337534392183
-0.05037891253096731,-0.0076251412882378695,-0.040418037582695826,-0.11295842078218167,-0.07721672523466556,-0.12271010280119286,0.004794927543218247,-0.03234085929572224,0.01769639236240442,-0.130186777495248
0.06439777963749038,0.0846876759041744,-0.17227618462245642,0.061102187556154,0.1209486660009221,-0.10732427642491621,0.17021033580090267,0.05925767145214829,-0.061536039314838274,0.028831587134932623
0.043589959859629636,-0.0052205515354985365,0.03854525783658008,-0.12341517974161008,0.04785492781682738,-0.1299390473181286,0.005211509495134558,-0.10760646665631918,-0.06874016269734785,0.12818881661812556
0.10690854949822841,0.08212075608602287,-0.0869818245254883,-0.037404832100493474,0.14382241815675018,0.029617018677584258,0.24864114592123188,0.07826381329190972,0.03491117912203862,-0.010214985921023318
0.052896337518271344,0.011464104783636976,0.06063755873142522,0.08557065847337002,-0.08587186308331834,-0.12786225879921695,-0.17765737679467125,0.05953156500599461,-0.1085999130930433,-0.17541413214014892
0.054435707122734975,0.24144197131949893,-0.009261332329267548,0.0889715967238817,0.015290380301580376,-0.03219161276213615,0.07647964486697327,-0.009291613483162573,0.03828363985850323,0.04228036619752041
-0.040429701671611105,0.08685085520547242,-0.009191233977071807,-0.08188267711659523,0.06546787616639452,-0.09243553940099368,-0.003830757186080472,0.012953696016710968,0.10693939426122058,0.03570877969633998
0.009357551028520619,0.0765641513413836,0.1508542273872356,0.05222360074136463,0.028034560089581387,-0.12142395984803746,-0.09220918232993122,-0.013649322075565783,-0.02107137943587639,0.001231409578345585
0.00703191910810332,0.03618214409828322,0.00160359766420833,0.0440176473347799,-0.008807706743404578,-0.18280383929236257,-0.1051223967563806,-0.010472633869521809,-0.09806690519463827,0.07504161421786022
0.17159743656156898,0.12770522719326316,-0.034926644413292,0.1293369334994724,0.0035313218335205703,-0.027524391822769504,-0.04977602168210896,-0.01686851662986008,-0.040702564260532405,0.04291329239941822
-0.013010864219688436,0.008701109554944379,0.07623734233529171,0.12846381681390115,0.05041206854801636,-0.18357505497465776,-0.24908805954139637,0.099752758047637,-0.10924479706119818,-0.029105382982832235
-0.10597626048803804,-0.17709934651394926,0.05000516275757254,0.07873898909584832,-0.054461316703281346,-0.2613408921234807,-0.05548890262631633,0.03669362236391144,-0.13252915843516144,0.03408782839659187
-0.01212525212150759,0.06903113415695973,0.008922595004362982,-0.08763950489813929,0.11170374687343072,-0.00809210339041707,0.0019803797193718915,-0.07084203196361329,-0.03621706402303645,-0.08308108632398642
-0.029661768441139064,0.1882601726325877,-0.15189034051626726,-0.16164388282583708,0.13720307814969568,-0.011268234320661904,-0.08339253180293421,0.08710171336824976,-0.04084846195087956,0.17802423221911803
0.062243871344119246,-0.05648868333399754,0.21596566339659418,-0.05610804596229265,0.07583946402114095,0.03137612799352046,0.11907369600599778,0.14991806035571012,0.013860714795770359,-0.049762176442987596
0.056591572397731736,-0.0904408324350675,0.227993383359026,0.011399879748543515,-0.01691362475632643,0.028389138066379202,-0.12640942658145604,-0.06122091506126548,0.15815975632128354,-0.04007844361096005
-0.08034652205201498,0.032574490679537604,0.1273704599840708,0.05174016417615743,0.11112717119777267,-0.07982082054762815,-0.13909782549194918,0.15007903174888587,-0.0282475105438315,0.0095891260153802
0.12161201934504384,0.05093433583548016,0.0491945894700694,0.20093006303029878,-0.062216790581048606,0.08483109617583462,0.012679472584457684,0.04372161482855551,0.13967252267488245,0.05546259699326741
0.06408669092955263,0.09851754253087598,-0.00613039402344482,-0.08885023690731036,-0.09196395570572885,-0.1857550434706736,0.21027910519575632,-0.09453610982385988,0.002477357559494271,0.008274596079803489
0.025909714340393294,0.06606741158857643,0.06103126919363693,-0.05704824219826275,-0.015776856574017475,0.02485149857582888,-0.04738251702020886,0.16160646191888867,0.0344791162495209,0.1011959387697236
0.07943854082175526,0.1009534441741723,0.011777229227377587,-0.1190716489620333,0.0442107504174718,-0.058638524815369464,-0.05781431730531237,0.07445968927927415,0.1538926350612932,0.026597173380366344
0.03514172993452875,0.17428002678149165,0.02404199707687009,0.2616741188130648,0.0517770010572614,-0.16808586018760716,0.0401494793806676,0.029501100176236434,0.12221966164838916,0.07406010420368465
0.005500847097701234,-0.11367049494195638,-0.016830281255230898,-0.11167023183783499,-0.07793263908845076,0.02801336822052996,0.14640618965035193,0.029292930735653727,-0.10966777825144072,0.05869851532305843
0.11959111181261839,-0.0762591706133683,-0.020521077518322623,-0.03854068214266005,-0.14323533965554122,0.058841449717746984,-0.034268149585057965,0.011341958360345974,-0.1109666106229764,-0.05019014427232146
0.07779604693704528,-0.038469160127088474,0.1744599682056392,-0.03481197374818993,0.026546197190000256,0.09880850545990173,-0.13523915290247476,-0.17314265128072087,-0.15118219600323854,0.11316659008829016
-0.046354899066661306,0.2570356141027964,-0.03370931658131865,0.014583561381633242,0.1616632882150334,0.1904530651143436,0.2232640131476149,0.10694893853773446,0.09917425630795584,0.03716040625273426
0.0751860049856757,-0.058886730538768056,-0.04150924650382845,-0.011854309142155383,0.01888673227996143,-0.038697072462405474,0.05418588271886551,0.0858093779310612,0.009466838385166857,0.15883525029554185
-0.11980515866782658,-0.035830056514224926,-0.06025477739374213,-0.1811843080647007,-0.006624453543791096,-0.035685327728149537,0.13569554600361203,0.07084580560983893,-0.1126309665865545,0.2009539480189585
0.154648373086898,0.07270221130315219,-0.010868419672540352,-0.16387541728732696,-0.05937784808945475,0.17457052513738308,0.1973470900457676,0.17038207569247693,-0.051919391634209756,-0.09873806127796571
0.050590930507181185,-0.1824391386315644,0.04715615550627173,-0.02925862029055284,-0.039457050592673126,-0.16956935385160365,0.05297292317543665,-0.053730785130931775,-0.10077490809437724,-0.2573776080196646
0.00816227767840793,0.19900742963799234,0.17046589731371023,-0.050668553037536694,-0.05185056774852631,0.03993557957253474,-0.11238362729309768,0.022332027688611405,0.06429594527390253,0.11443608847107266
-0.0049044419713987816,-0.03998417546261702,-0.07522509113795744,-0.0708589452148438,-0.03986170817243355,0.0322456239436041,0.09154591981620629,-0.07029382866183566,0.12415384840839859,-0.03028073236176163
0.008289210197331294,-0.054602683861170453,-0.23184204959588747,0.0909595931943894,0.09136606988453978,-0.03340628018808786,0.0028029427563461377,0.05294929467238831,-0.1504626450253233,-0.03378800347750442
0.07527811644832101,-0.11645852022401895,0.016682781107611466,-0.14254805287794842,0.03680040902108526,-0.006440582890277284,-0.13956387730516986,0.11387931668093504,-0.06572097946463647,-0.06811179913128278
0.005099881892165718,0.13184312392688988,-0.07415074844988019,-0.02275866025294396,0.03329941656160787,0.042157052988851244,0.04515456227672728,-0.06534409044765864,-0.09454961176818179,0.022196884771492027
-0.06477917134123705,-0.28515461632999783,0.04570170840821343,0.0514660749639518,-0.22882669358742022,-0.09983210426821434,0.050130498872879514,0.17436687511825547,-0.006415276923623452,-0.0765975519152439
-0.02232108563678377,0.13037768927681348,-0.06597310314893533,-0.05721726646163602,-0.03291636767302081,-0.13151225302733766,0.04386956866578916,0.1686233757747226,0.0952331357912729,-0.02641551270549831
-0.01811716399205784,-0.15523376449246493,0.07380969672942111,-0.019181008437261296,-0.012306075531992066,0.32394080042639944,0.0003405184473824145,-0.055533207004586804,-0.013140171363027224,0.12513022544100263
0.0008957675757908613,-0.13584805453947452,0.09194472188235635,-0.07528011089730265,0.1642403513506237,0.11456331392939778,-0.03966123232593015,0.12702171124211842,0.03993431622444892,0.10163629693472515
0.05551919549228991,-0.07237118996801577,-0.050542514435894144,0.12420319007473755,-0.026897760469002347,-0.047368614957166016,-0.08461330097903733,0.060161164422377726,0.18522783997687584,-0.11823441613612713
0.0009263685117152337,0.1405896958556072,-0.014083443013534067,0.039841943870543975,-0.07764353655650574,0.02278328870428798,-0.01757606250409011,0.11178097843833129,0.14498213392483394,0.24336816334541828
0.0351108993114161,0.038930298770948286,0.042223218380579915,-0.027715971870996718,0.05260184178599349,-0.0363067460955304,0.04784273677622007,0.125409076964913,-0.08630928070110479,0.12780115217634108
0.1454091329681429,-0.01798925332637677,-0.1962807511577798,-0.04693010143605584,0.14556697829746895,0.00714374352017859,-0.11490096173015209,-0.017207128559639604,0.06783044760693753,0.05044188172456041
0.0079719641902881,-0.07657287290035011,-0.02082094447247768,-0.10468566216540344,0.14573958214976318,-0.031253981452112854,0.1663368831092676,0.16778129940312225,0.10250845269328761,-0.022225917622101465
0.06671986540874222,-0.02564162231652794,-0.09767658119533187,-0.009887763809927192,-0.10422850204264948,0.12126345540293892,-0.0267170296772309,-0.011342133216793542,0.0457368632144905,-0.032393192880898466
0.019367491639180362,-0.05006704983968594,0.01248724555459783,-0.09713126143385879,0.03403574820046165,0.23406796255926243,-0.14236948300378643,-0.0795299230493675,0.004264740007949126,0.017285792568569085
0.03419827619473221,0.020825148695296825,0.06762789679571016,0.09690549470966453,0.03562934867347258,-0.03887411890205107,0.06888171511705946,0.1869399594122481,-0.02732334043485264,-0.09504903789555989
0.10384970067151082,-0.023991208115379824,-0.2169768912313528,0.080139767746691,-0.03619067376886022,-0.010097861308773624,0.0334629154917539,0.025319577843705143,0.05864195167497998,-0.03318646363830528
0.075158030537202,-0.020638628506738508,0.08730967151343612,0.05689090845986697,-0.11592038795825732,0.09818892395669275,-0.038427596024688815,0.11615987388566837,0.04115308294913458,0.19588571624924533
-0.03133487931102095,-0.02608999180952503,0.04213636259759816,-0.025710485168801155,0.10606829321911058,-0.16401300270567243,-0.11483141553004093,-0.10350642812131339,0.13732158307364584,0.1674076663300801
-0.008946782380878648,-0.021863666186301166,-0.007456571920057987,0.10626157857979321,-0.08271971387501731,0.027825683470453458,0.0815705621946663,0.043263279573441164,0.0012159970534182966,0.09403934026604434
-0.22043228233687526,0.07194016882400199,-0.04565115155301436,-0.1965224246443852,0.01729587356628683,0.156956789368617,0.03214568242915596,0.1006514549643402,0.14767518942184207,0.16922391847893659
0.15922835323105966,0.07178695258684796,-0.003134077444004122,-0.16865853084809745,-0.01038340159021731,-0.10061103338312614,0.2490927888082612,0.0006753628321333608,0.027874860544189365,0.07679542560532895
0.013377427641332658,0.15990021386835354,-0.09406636708952706,0.011624148799877105,-0.06868167234844831,-0.11603479486083275,-0.052953562509497704,-0.0039943419095300635,-0.030685817078062446,-0.059839341266625844
-0.14130901299667334,-0.00650705625533407,-0.11161497359232793,0.10292250877714619,0.0051006124240659855,-0.14329083874185067,-0.02906395554984222,-0.09725404358934907,0.041902898611559776,0.19472883223810922
-0.16808760802436087,-0.021029477268983934,-0.005080197741313832,0.05318513616476681,0.03596403681185811,-0.10609005047770205,-0.03898133724475685,-0.08454229976111903,0.10503565550250239,0.003631726849695748
0.18970112520148802,0.018911463304468083,-0.08958956190740441,-0.12943432412430883,-0.1766935163061276,-0.15102043175669802,0.012069662776842424,0.05178535690839015,-0.1600787995278857,0.08781912052629492
-0.05361318458429272,0.02336246166153218,0.14972885235624167,0.07834933291542989,-0.02806519697144422,-0.09878716570695367,-0.21246685565136628,-0.04823489906587257,-0.024903744366624007,-0.06429665416381054
-0.0031804707749064965,-0.011841040875632132,-0.021800982167380925,-0.07626997168864416,0.01037498735850841,0.02371837552500471,-0.12197598700196655,0.17064162610078265,0.00645087438109902,-0.012803584465837504
0.05916635538817759,0.040276034578762235,0.07974388867659564,0.041682975841629805,-0.07398893253591922,0.02655153968068794,-0.11632804795102498,0.024098251617460483,0.0031104138345739965,-0.019315906538572323
-0.03219642048069868,-0.2041559560544287,-0.057894389521846286,0.012384648730809987,0.02613645227615236,-0.09994268400135266,0.12806031272822097,-0.0884242483036695,0.09683217159839606,0.05369957933713853
-0.07911452232379974,0.1529930994339603,-0.0876876471307968,0.0955419867475049,0.14699153404214216,-0.025506513199263565,0.126756239535679,0.004096261460766124,0.02829868785914758,0.02229337159023726
0.07485707069125293,0.0501722857255889,0.09119420765967104,-0.1736763636178489,0.17084641731352943,-0.13445137134890872,0.10004690626672329,0.1174160550468311,-0.05810075089668245,-0.05323723033252893
-0.10672195639134371,-0.03498307273203632,-0.009556918167083206,0.09906735419025428,0.12188534638626505,0.13524834270242955,-0.04738006777677271,-0.019377313305681838,-0.15344944019479054,-0.05251713602291765
0.1303696376684242,0.15513463928918803,-0.1004876257581393,-0.050182855778334985,-0.011758706230106369,0.053789642877802274,-0.0895058551979073,0.05905640951993716,-0.03785812811655744,0.021215696013020154
0.059812652317699826,0.016471930178118124,-0.04584592711427674,0.004091618591785676,-0.002751805350080778,-0.035528695299255474,-0.009336826424290505,0.17632827313605753,0.058997237329890345,-0.025034192878927084
0.0646312408345968,-0.03449158803039904,0.1103253020547374,0.030288319587050118,-0.017042981216469525,0.034909908973499555,-0.13960580347985518,-0.11282754229079078,-0.11392814406483821,0.007319597209196548
0.16931733215238567,0.20435675892554972,0.06943691689275233,0.042798106703563814,-0.111245534566803,-0.066956846131288,-0.08508711205088629,-0.06692024654124469,-0.03102366527951762,0.02048289438380216
-0.18845961318880672,0.04103570624177295,-0.08494978764231362,0.028786175854860235,0.2537966178232798,-0.10735681946913679,-0.23496395874260406,-0.007307906910685726,0.12774774899294455,0.20052136304642068
-0.13595670649652405,0.04917296182903338,-0.0441243424962449,-0.006024183528403804,0.2445606225548472,-0.16614992135456746,0.004406611290504572,0.05831912883078256,0.12576768012089345,0.01013694921407694
0.04797855076877495,-0.0462520172881105,0.030030060808374132,-0.009681884190337461,0.06755171897830065,-0.02091324603128583,0.0394163807009116,0.022822275087375946,0.12355348228152094,0.005593749512216084
-0.16759191030124548,0.1302189799896119,-0.08927661780161383,-0.06819019415206908,-0.0437849724243862,0.12800875946643897,-0.20137022397220622,0.3003142200740383,0.12278604586839331,0.03976352053425838
-0.007947266731045998,0.052452990325704246,0.06604218961349012,0.04661634813366853,0.06686406589109634,0.0015171964231799281,-0.03805361912194868,0.012407940007450187,-0.022897055385194633,0.06553964740370583
0.07049386658635758,-0.28166316001695285,0.08147085328622065,0.021672961594971722,0.012626914679019935,-0.0345092243481605,0.12821387827249814,0.10559701888095634,-0.0643068606998012,0.06320092997899109
-0.09441878456431586,-0.14473603551766712,-0.05082232359983961,0.06762742415039553,0.10083213403606678,0.04569507071976246,0.07244298599042828,0.06821265083505142,-0.05868513519095896,0.06857080072198864
0.07506572403348642,0.07415498052918096,0.11510998185141255,0.07383053192613903,0.0307537916591481,0.10858151766596419,-0.020976436776819006,-0.06718457963531206,-0.02105926524515552,-0.06319802288564882
-0.06026611311816559,-0.0037234557153944274,-0.08383361735845023,-0.03633264062584817,-0.18699729818314498,0.029497871998876102,0.0011025084998481348,-0.08422511505533,0.0715213422664032,0.06958424575667428
-0.14363991896029663,-0.07873344436121227,-0.06554168580195162,-0.07629036972672902,0.08025016630002585,-0.02601392079459773,-0.03613943977051309,-0.1969350085239565,0.08385464022836747,-0.10824598321480206
-0.0017599231797987432,0.017540563698112372,0.13161512719327526,-0.12321414654069023,-0.30745139003855765,0.026992989268038513,0.17764416502464292,0.12174128764534993,0.029205268173310088,-0.028208153329672473
0.0625217803154511,-0.08630776881564947,0.0649206801897918,0.04160224020197847,0.1128598535494609,0.2572387109622692,0.029273745219659628,-0.03546686078870283,0.01006855740389244,-0.1533493514502615
-0.07368808224240773,-0.028453992194044927,-0.03082390036802879,0.015041565112991019,-0.07511643192260704,0.11924952287917204,0.006633282456872319,-0.011833938646636018,-0.0029174534774497837,0.043622132349688564
0.08329806251357011,-0.09208006791153683,-0.07178572150360782,-0.006982078222487303,-0.13810475617493467,-0.06719483478678259,-0.062156460400359805,0.08437065055158363,0.039459810459759846,0.01851800960310018
0.10228646357861539,-0.034113274586193565,0.043596642094695146,-0.038252569331871336,0.013736960939552744,-0.04308211347390446,-0.2191672534066431,-0.0011973021845862086,0.15679346348568218,0.09513626225848855
0.09322295457801326,0.1141594606624763,-0.018264494675957088,-0.002085899025082524,-0.0496203873014369,-0.05631663371382493,0.06075031733042059,0.10977292055198595,-0.00885416554523165,-0.05383191445540677
-0.013371623520167191,0.05581675847065293,-0.14209054908280028,-0.21789979364779163,-0.057628723306028085,-0.1215262557531003,-0.06825677564157104,-0.03127684246360693,-0.04710273212774738,0.16361334367029137
0.03579148509600594,0.019284437997766562,0.06865774442784878,-0.1146118693743937,0.11678107028893031,-0.00923677885499076,0.06042512799617947,-0.0820665526517438,-0.15248474247011476,0.06990242513290094
0.03488122613647178,-0.09333767894556484,-0.07272754277804379,0.12806373064692606,-0.10453662767803916,0.16476500944241107,-0.08632196735471846,0.06774613360800376,-0.022353683444825443,0.06225584845174057
-0.05725491686902887,-0.04645916010016332,0.002177117572918968,-0.10834679694511522,0.08059238132280828,-0.04977149429960889,-0.0023033414523248056,-0.07590803210164661,-0.25265337125749937,-0.03079594842045828
0.2708703752574659,0.10441992446527634,0.011992171498822495,0.029126001107598356,0.04361110887547526,0.03659883360208828,-0.09893129707154344,0.11139007190232163,0.06656559885640569,0.1164797581976198
0.038793276753394494,-0.011665383748734852,0.0648128118784191,0.05949434684210912,-0.0243304481578501,-0.047653824775747845,0.013949400780797936,0.13080404115331926,-0.13128330581331527,-0.13438066608357227
0.011424468065815036,0.04318032347714972,-0.018891536904350685,0.05687500542538456,-0.03681942452511964,0.15530343749246,-0.14882225547485287,-0.06223791494225196,-0.006718439036950685,-0.17923283677301322
-0.01008857972714479,0.1555625548534925,0.02495439290579247,0.027478135855437454,-0.12633770719024498,-0.05888920434457715,-0.06417470196585831,0.0010120527686688556,0.12446034748300008,0.0348769271757913
-0.10416905816464282,0.011902995266520399,0.04273663162464825,0.09998453411483325,0.1427547523314186,-0.10323101509009054,-0.06981301034682702,-0.11564304245721242,-0.026629375730927496,0.04126091928296162
0.09476163739198992,-0.017545428249423012,-0.02534073219941611,0.014479238788454304,-0.08194775098467338,0.20936202851809424,-0.15103508674748756,0.023589017333757303,0.19235725133918535,0.001937716966369875
-0.02830268128371915,-0.09644635351642603,0.007828337509591535,0.15863577649529384,-0.1972261253154021,0.11407020068358155,-0.11256193481607576,-0.012807071641862714,-0.06388766278697833,0.08291340284724498
-0.14704761316660195,0.035843540307615246,0.207415884044679,-0.13341249942123767,0.006079928447727212,-0.05881021783796815,0.052875252924989145,0.011706083142817996,-0.058540731100332755,0.05312204291843143
0.195207109762317,-0.01944009633522625,0.05749238594831544,-0.13029514857548316,-0.09337701857725131,0.028659203584599394,0.14867133963595275,0.0444858421847028,-0.02734822729583376,-0.004364011479130354
-0.11973243662349009,0.027184157390123535,0.10284127578749974,-0.01505369433528492,-0.044846373343027886,-0.016712073108800823,-0.07353754064550523,0.01852753517804863,0.16207750258719614,0.011781198152180972
-0.04209821557483885,-0.03735435680253969,0.063120668900607,-0.011844442368070238,-0.08226791644128403,0.15435483594847016,0.11957966840122683,-0.04988827488395723,-0.17614240356856947,0.09912552946111156
-0.05391815124749965,0.056463473504705,-0.19627365507418545,0.09882848113879956,-0.15348869458588763,0.03187976561829212,-0.0012577003083212512,-0.08995705300013931,-0.03532772320976045,0.09225421502886777
0.058869332204584866,0.07070192762041856,0.22228607337680667,-0.1337655922548499,0.17464645860596037,0.03962080411448686,-0.10181727296761761,-0.10918246745292942,-0.021928145378078096,0.09362180162466778
-0.030443964193672304,0.15023451200607552,-0.13913750552219262,-0.0019003575526335616,-0.10346040172696686,0.029690739095388604,0.10195322159680975,-0.04515222924573096,-0.23096859593187113,0.03916553612182822
0.06958216582949002,0.03371519915616329,0.11727866526927762,-0.12215157916392463,0.08452154260148233,0.11497762790009326,-0.15358455138359262,0.021665192714523416,-0.04973100054546308,0.028072925230995832
0.023467088395824245,-0.04481865763396561,-0.05457105008152534,-0.00035835726217375223,-0.11953449801943791,-0.10755387584012473,0.05616069653093022,-0.10745251494430366,0.06871545349393895,0.05070772343553314
-0.15778329369765953,-0.06970645420060878,0.10369370986432595,-0.10002318308627216,-0.03782165736831762,0.03797817965272849,0.07232836826558155,-0.01958329671135495,-0.05195882315799483,0.13401916078788048
0.1818278302841683,0.09010485643829594,0.0076584143796111755,-0.08223126861072524,-0.04978924631046806,0.06470642046540248,0.02859936162116559,0.14949821079220224,0.06517167358749061,-0.1387244696201001
0.11521011796208191,-0.1112368976513014,-0.059671555068313654,0.06437197064580333,0.20609662667610243,0.2899086773722582,0.08104753697265889,-0.012324387894022026,0.05377245813571797,0.12013023660724069
-0.02686408956596893,0.18378102810352018,0.04338870233569654,0.05880969837154441,0.061532085246104415,0.03412885218117399,0.06751558650155692,-0.07811876196101536,-0.05186071167831765,-0.0965945845739004
0.07610291068220226,0.0764607240704182,0.02304961084925876,0.15884055730751023,-0.05065478378615623,0.059883953502857745,-0.04078229542284983,-0.020841472175380835,0.046321306507753596,0.08510477077014282
-0.020464889543243037,-0.028931175471263657,-0.1603632980840309,-0.02261533342629375,0.0656953453355865,0.07599859210383053,0.0663200024329137,0.035762961005611583,-0.0031937239321724966,-0.011335108549323673
0.07953238980538004,0.03782774930100311,0.053786953521121894,-0.055485003324527396,-0.19089248470166909,0.11319828965275221,-0.02425733439937353,-0.08127138021958843,0.06761931316287816,-0.030861565625738035
0.10922474321469591,0.05136190517681699,0.0805854197579627,-0.12451476807662983,0.11934490177771313,0.02568101643585319,-0.04770922675352408,0.022195485741041285,-0.1689098472257631,0.04488475792526763
-0.11117773932992539,-0.13480453214667518,-0.13496841115452363,0.1129822617337376,-0.09850943292291925,0.1511082277746278,-0.05243453492034835,-0.13441511247958543,-0.09575754006847303,0.1462364117096587
-0.037493471303752926,-0.039645062170146544,0.019179984064830787,0.021879685317344393,0.09635837834435768,0.1266178953693811,-0.02436181083510208,-0.11689333742892673,-0.028496033139347596,0.032631398384391025
-0.09915929984183239,-0.08160667388612351,0.0470553441480898,-0.019183435546797634,0.013730839183370343,-0.07208541315040726,-0.01901964659558097,-0.0715968770936103,0.08446306526013253,0.09809223404450311
-0.14795473696099276,-0.12155548735915193,-0.1350477592941968,-0.09280427365517027,-0.008178643286924522,-0.1392273850676108,-0.08615066392208999,-0.08055983748763906,0.022138152461708895,0.0010601525806553421
-0.0709494413643006,0.014839628263955879,-0.044398428290939124,-0.031249712753160536,0.1423688781508085,0.12372737532571755,-0.11689977483695797,0.07259250038688356,0.08364417737137925,-0.10493125034204137
0.08635235392917597,0.1499923935228104,-0.09156294402930486,-0.0770448214509084,0.08530153991758753,0.03200988804659925,0.05024613244800838,0.040631221440686274,0.04872333991996778,-0.120911113160915
0.0953894562718098,0.13593421186817653,-0.029246843791858712,-0.04543069540494538,-0.1580292637761962,0.07467300428894653,0.06666922334464162,-0.014091639854030327,0.1410022416872341,-0.011534443400871045
0.059153341011067534,-0.08434464289708204,0.0054022650819878235,-0.026204392410219466,0.019529746262482345,-0.0453293695499311,-0.013751704438395856,0.08094582226294249,-0.03053162862572827,-0.14441661995231114
0.14143244212745149,0.14031035133310418,-0.13002836080624527,0.05096555729271692,-0.03715434293644852,0.0007582394567788171,0.047845588225650444,-0.030887237934591718,-0.09222425641763285,-0.06698782851531986
-0.08676373367649765,-0.08277795012845274,-0.004609416457592352,-0.07465143949412475,0.07102025380496153,0.14658321098681573,-0.04651459010591558,0.026096219832421268,0.04946035084286928,0.048305121264943574
-0.001312335415299509,0.08194404058879604,0.06845066114176734,-0.0916678516006112,0.09461965937280589,0.07620836647089158,-0.06989307995467689,0.026206531210187907,0.05381388778950581,-0.023643788826531294
0.10192706755212022,0.22830016502331907,-0.06402045265600924,-0.11348252343211347,0.039191269944194904,0.05571249178879088,-0.010442139641875138,0.14359486277058733,-0.1262214210060075,0.06598961269534206
-0.04299586398976371,0.15366647926504817,0.1909370233406872,-0.07260714991306147,-0.07268631071077905,0.07863765769661821,-0.0239300695112246,0.005576235142095936,-0.00443085596075301,-0.15892654379816817
0.033915050356709386,-0.021086291821881393,-0.01227253922477547,0.19250916491665734,-0.11503390695095722,0.10214990793934986,-0.07302806934069736,-0.021510836438624004,0.08090243832778543,0.04705320375356492
0.08802883854051417,0.11063574675968524,-0.04972474985994627,-0.1074098660264864,-0.05345845306004459,-0.09564804013950177,0.3018700631628585,0.14960175125398653,-0.13144591037644676,-0.07661954169416138
0.04938824286768895,0.054132243307076944,0.06783045709476562,-0.028262528544339034,0.008877823971114022,0.04940152067554888,0.010608970074083953,-0.19554121151303766,-0.035916999173098436,-0.07398861990328251
0.024692217344509826,0.2808788088341708,0.04197274235648366,-0.023733407143480382,0.09980995367849227,0.03407872586854547,0.028145060063874336,0.07378980981559664,0.21255298402339629,-0.11597338818636768
0.08504095536770889,-0.10587622517998191,0.058193082786036826,-0.07457442322736611,-0.03279989667540789,-0.04447407903012382,0.12451467866127908,0.10414774452360645,-0.1182712127534253,0.022176085226948587
-0.06352108178103749,-0.10528791184592917,-0.041753895007505155,-0.026514670030107924,0.22515853586314233,0.06448204570473563,-0.10912668028241455,-0.045811531972624664,0.04717236557898923,0.20999039863132374
-0.15629444294582395,-0.188012277058206,0.18712013742087638,0.03321702362084649,-0.07428541393129721,0.05189060426588681,-0.2457011052861281,-0.0050030208505505505,0.04747601883626085,0.09444761709509993
-0.11135302955016177,0.009864837060725164,-0.09986399771589081,0.01858314438765994,-0.0702587659338946,-0.0460400327189531,-0.10245447000679697,0.06154898326608274,0.08399391803092539,-0.02332278592820744
0.004633265351232495,-0.17136984763488883,-0.010823369777031213,0.06481939248299327,0.3432041434588709,-0.10008946586101997,0.19087795720544942,0.1077002237705135,0.004485735843068882,0.17420824716032204
0.043352531034643524,0.03636158363905335,0.007523183024416401,0.10820536304761576,0.09994332620670779,-0.046703411465460275,-0.12220526454964258,-0.0028886633323788502,-0.06028955751169524,0.01271565204071985
0.13277613396626703,-0.02877437695226761,-0.007066241803349023,0.010794017315449414,0.07578741575370328,-0.21119128632296502,-0.08018240668185066,0.016658822885377303,0.1235910728730891,-0.02127836762094969
-0.167029574476775,0.057882253069499234,-0.06834306263019439,-0.08278000475743433,-0.06760580709201097,-0.03818317574818346,-0.061177358758019634,-0.20344730705615383,0.07769758239800871,0.11690245077074381
0.07249391400048828,-0.1099137863200569,-0.010246436754525058,-0.02122308870613602,0.05788308404573169,0.05825479392962703,-0.07441932600158206,0.02223274357861028,0.030671450609773908,0.13701023309548907
0.07577158565406068,0.04725164063907154,0.030270172473940517,0.15124838858093428,0.046080467610089305,-0.0775510527682506,0.15922269461386346,0.04559738778605514,-0.026228240210226447,-0.0368633985362544
0.028585248434825905,0.036637792568266186,0.044146603840076515,0.049470393893873775,0.16997696526084996,0.09680762083325946,0.009223526032697844,0.0914150020933374,-0.09660270208475795,0.04873897475325936
0.19366713097350047,-0.025304514480225585,-0.09174486149115639,-0.08243491830391508,-0.11413584063395024,-0.08371007806886778,-0.04419666026465266,-0.15541404432417377,-0.0002680403012712646,0.10606271668774568
-0.06822927172664209,0.14228744561326787,0.04703134893948847,0.08886665000630681,-0.045325645396044716,0.07218166646934601,-0.09691872137788694,0.09025068671154346,0.013437628903636749,0.05429160004758666
-0.10378771733629043,-0.09051578870920629,0.05476493212006602,-0.08893384591737258,0.04309020718483552,-0.14078912209007874,0.07897967590833678,-0.10261758660572545,0.06356890827182107,0.07180127359063807
-0.12488010927272679,0.016748313084846762,0.00714529981730705,-0.053677168121805154,-0.10792946783280015,-0.20418978986172653,0.045630965382869364,-0.14936432612457431,0.011646682285242942,-0.055610477638729394
